{
  "n_folds": 12,
  "wmape_overall": {
    "mean": 32.9410292305076,
    "std": 5.335537101102607
  },
  "wmape_weighted": 32.573026050295816,
  "wmape_peak_11_12": {
    "mean": 28.057721326200515,
    "std": 2.0897323034585167
  },
  "wmape_dec": {
    "mean": 29.535385208840616,
    "std": 0.0
  },
  "bad_rate_wmape_ge_40": 0.08333333333333333
}