{
  "n_folds": 12,
  "wmape_overall": {
    "mean": 33.10515773036014,
    "std": 5.610649179439163
  },
  "wmape_weighted": 32.70216232021042,
  "wmape_peak_11_12": {
    "mean": 29.10891130298078,
    "std": 0.8937244331409055
  },
  "wmape_dec": {
    "mean": 29.74086991016682,
    "std": 0.0
  },
  "bad_rate_wmape_ge_40": 0.08333333333333333
}