{
  "roll_mode": "expanding",
  "roll_window_months": 24,
  "roll_min_train_periods": 22,
  "roll_gap": 0,
  "n_folds": 12,
  "wmape_mean": 32.9410292305076,
  "wmape_std": 5.108387855035305,
  "wmape_dec_mean": 29.535385208840616,
  "wmape_dec_std": 0.0,
  "wmape_peak_mean": 28.057721326200515,
  "wmape_peak_std": 1.4776638826401012,
  "optimal_trees": 750
}