{
  "roll_mode": "expanding",
  "roll_window_months": 24,
  "roll_min_train_periods": 22,
  "roll_gap": 0,
  "n_folds": 12,
  "wmape_mean": 33.10515773036014,
  "wmape_std": 5.371787616505909,
  "wmape_dec_mean": 29.74086991016682,
  "wmape_dec_std": 0.0,
  "wmape_peak_mean": 29.10891130298078,
  "wmape_peak_std": 0.6319586071860375,
  "optimal_trees": 2900
}