{
  "score": 33.59588675335132,
  "score_components": {
    "wmape_weighted": 32.70216232021042,
    "peak_std_11_12": 0.8937244331409055,
    "dec_mean": 29.74086991016682
  },
  "tradeoff_lambda": 1.0
}