{
  "objective": "reg:absoluteerror",
  "eval_metric": "mae",
  "random_state": 42,
  "n_jobs": -1,
  "tree_method": "hist",
  "learning_rate": 0.04712087810200994,
  "n_estimators": 2900,
  "max_depth": 5,
  "min_child_weight": 1,
  "subsample": 0.8146121004455084,
  "colsample_bytree": 0.9986641291927814,
  "reg_lambda": 3.071401534299527,
  "reg_alpha": 0.041915280434209806,
  "gamma": 0.027917950032077976
}