{
  "objective": "reg:absoluteerror",
  "eval_metric": "mae",
  "random_state": 42,
  "n_jobs": -1,
  "tree_method": "hist",
  "learning_rate": 0.010221600607747358,
  "n_estimators": 750,
  "max_depth": 3,
  "min_child_weight": 1,
  "subsample": 0.6566094363470386,
  "colsample_bytree": 0.9307199984099289,
  "reg_lambda": 0.2591970361859985,
  "reg_alpha": 1.0557110477563743,
  "gamma": 2.608474115213268
}