{
  "learning_rate": 0.01019005058575656,
  "max_depth": 6,
  "min_child_weight": 11,
  "subsample": 0.6888431241882921,
  "colsample_bytree": 0.8048372233197124,
  "reg_alpha": 0.0011595696872206103,
  "reg_lambda": 1.3481391894993757,
  "gamma": 0.9696087960622657,
  "n_estimators": 2900
}