{
  "n_folds": 12,
  "wmape_overall": {
    "mean": 32.94752616324695,
    "std": 5.5072748578542905
  },
  "wmape_weighted": 32.538496990079054,
  "wmape_peak_11_12": {
    "mean": 28.602811942058118,
    "std": 2.436615453852372
  },
  "wmape_dec": {
    "mean": 30.325759252621065,
    "std": 0.0
  },
  "bad_rate_wmape_ge_40": 0.08333333333333333
}