{
  "roll_mode": "expanding",
  "roll_window_months": 24,
  "roll_min_train_periods": 22,
  "roll_gap": 0,
  "n_folds": 12,
  "wmape_mean": 32.94752616324694,
  "wmape_std": 5.272814238774632,
  "wmape_dec_mean": 30.325759252621065,
  "wmape_dec_std": 0.0,
  "wmape_peak_mean": 28.602811942058118,
  "wmape_peak_std": 1.7229473105629491,
  "optimal_trees": 2900
}