{
  "objective": "reg:absoluteerror",
  "eval_metric": "mae",
  "random_state": 42,
  "n_jobs": -1,
  "tree_method": "hist",
  "learning_rate": 0.09081436420562777,
  "n_estimators": 2900,
  "max_depth": 5,
  "min_child_weight": 9,
  "subsample": 0.9439761287340129,
  "colsample_bytree": 0.6772708500046701,
  "reg_lambda": 1.682683154558418,
  "reg_alpha": 0.6809907558634268,
  "gamma": 1.6808785825935275
}