{
  "n_folds": 12,
  "wmape_overall": {
    "mean": 26.466684244938314,
    "std": 6.193916892430273
  },
  "wmape_weighted": 25.505987650583847,
  "wmape_base_overall": {
    "mean": NaN,
    "std": NaN
  },
  "wmape_base_weighted": NaN,
  "wmape_gain_overall": {
    "mean": NaN,
    "std": NaN
  },
  "wmape_gain_weighted": NaN,
  "wmape_peak_11_12": {
    "mean": 27.190480994504348,
    "std": 0.3124410972410448
  },
  "wmape_gain_peak_11_12": {
    "mean": NaN,
    "std": NaN
  },
  "wmape_nov": {
    "mean": 27.411410213084856,
    "std": 0.0
  },
  "wmape_dec": {
    "mean": 26.96955177592384,
    "std": 0.0
  },
  "gain_positive_rate": 0.0,
  "bad_rate_wmape_ge_40": 0.0,
  "corr_log_mean_abs": {
    "mean": NaN,
    "std": NaN
  },
  "phase3_score": 35.023441046467454,
  "phase3_score_components": {
    "wmape_weighted": 25.505987650583847,
    "peak_std_11_12": 0.3124410972410448,
    "dec_mean": 26.96955177592384
  },
  "phase3_score_coeff": {
    "peak_std_coef": 0.25,
    "dec_mean_coef": 0.35
  }
}