{
  "n_folds": 12,
  "wmape_overall": {
    "mean": 33.059756468541806,
    "std": 5.263184735129848
  },
  "wmape_weighted": 32.97702493907391,
  "wmape_peak_11_12": {
    "mean": 29.763330480671353,
    "std": 2.413185680953479
  },
  "wmape_dec": {
    "mean": 31.469710439935835,
    "std": 0.0
  },
  "bad_rate_wmape_ge_40": 0.08333333333333333
}