{
  "n_folds": 12,
  "wmape_overall": {
    "mean": 32.414209371694334,
    "std": 6.074955550219374
  },
  "wmape_weighted": 31.998792322937696,
  "wmape_peak_11_12": {
    "mean": 27.2520650654141,
    "std": 1.2657434166796608
  },
  "wmape_dec": {
    "mean": 28.14708081859052,
    "std": 0.0
  },
  "bad_rate_wmape_ge_40": 0.08333333333333333
}