{
  "roll_mode": "expanding",
  "roll_window_months": 24,
  "roll_min_train_periods": 22,
  "roll_gap": 0,
  "n_folds": 12,
  "wmape_mean": 32.414209371694334,
  "wmape_std": 5.816327122194849,
  "wmape_dec_mean": 28.14708081859052,
  "wmape_dec_std": 0.0,
  "wmape_peak_mean": 27.2520650654141,
  "wmape_peak_std": 0.895015753176418,
  "optimal_trees": 2900
}