{
  "objective": "reg:absoluteerror",
  "eval_metric": "mae",
  "random_state": 42,
  "n_jobs": -1,
  "tree_method": "hist",
  "learning_rate": 0.013774259845890768,
  "n_estimators": 2900,
  "max_depth": 3,
  "min_child_weight": 8,
  "subsample": 0.7812045793009688,
  "colsample_bytree": 0.6760028565133186,
  "reg_lambda": 0.05249692210112829,
  "reg_alpha": 0.0030058817289832186,
  "gamma": 0.8726975265524883
}