{
  "n_folds": 12,
  "wmape_overall": {
    "mean": 32.39758544010386,
    "std": 5.293567462847906
  },
  "wmape_weighted": 32.14089813111765,
  "wmape_peak_11_12": {
    "mean": 28.849198201456588,
    "std": 1.85242014239421
  },
  "wmape_dec": {
    "mean": 30.15905704575008,
    "std": 0.0
  },
  "bad_rate_wmape_ge_40": 0.08333333333333333
}