{
  "n_folds": 12,
  "wmape_overall": {
    "mean": 32.96493822916859,
    "std": 5.401707968997337
  },
  "wmape_weighted": 32.634953715373975,
  "wmape_peak_11_12": {
    "mean": 29.334561592503754,
    "std": 2.036927628876115
  },
  "wmape_dec": {
    "mean": 30.774886931668288,
    "std": 0.0
  },
  "bad_rate_wmape_ge_40": 0.08333333333333333
}