{
  "roll_mode": "expanding",
  "roll_window_months": 24,
  "roll_min_train_periods": 22,
  "roll_gap": 0,
  "n_folds": 12,
  "wmape_mean": 32.96493822916859,
  "wmape_std": 5.1717416377014835,
  "wmape_dec_mean": 30.774886931668288,
  "wmape_dec_std": 0.0,
  "wmape_peak_mean": 29.334561592503754,
  "wmape_peak_std": 1.440325339164536,
  "optimal_trees": 950
}