{
  "score": 33.99331827351186,
  "score_components": {
    "wmape_weighted": 32.14089813111765,
    "peak_std_11_12": 1.85242014239421,
    "dec_mean": 30.15905704575008
  },
  "tradeoff_lambda": 1.0
}