{
  "objective": "reg:absoluteerror",
  "eval_metric": "mae",
  "random_state": 42,
  "n_jobs": -1,
  "tree_method": "hist",
  "learning_rate": 0.14868282933088708,
  "n_estimators": 950,
  "max_depth": 5,
  "min_child_weight": 4,
  "subsample": 0.7339676965784057,
  "colsample_bytree": 0.8005027411874707,
  "reg_lambda": 1.4699425544728166,
  "reg_alpha": 0.9605296854894914,
  "gamma": 1.799111981494002
}