{
  "n_folds": 12,
  "wmape_overall": {
    "mean": 32.95439960524536,
    "std": 5.958934311568836
  },
  "wmape_weighted": 32.590818231816726,
  "wmape_peak_11_12": {
    "mean": 29.158249525210458,
    "std": 0.6684276638058588
  },
  "wmape_dec": {
    "mean": 29.63089925902026,
    "std": 0.0
  },
  "bad_rate_wmape_ge_40": 0.08333333333333333
}