{
  "roll_mode": "expanding",
  "roll_window_months": 24,
  "roll_min_train_periods": 22,
  "roll_gap": 0,
  "n_folds": 12,
  "wmape_mean": 32.954399605245364,
  "wmape_std": 5.705245243235356,
  "wmape_dec_mean": 29.63089925902026,
  "wmape_dec_std": 0.0,
  "wmape_peak_mean": 29.158249525210458,
  "wmape_peak_std": 0.4726497338098046,
  "optimal_trees": 2900
}