{
  "objective": "reg:absoluteerror",
  "eval_metric": "mae",
  "random_state": 42,
  "n_jobs": -1,
  "tree_method": "hist",
  "learning_rate": 0.054383894562704,
  "n_estimators": 2900,
  "max_depth": 4,
  "min_child_weight": 10,
  "subsample": 0.8735000502081529,
  "colsample_bytree": 0.6481072909096723,
  "reg_lambda": 0.02427922750562385,
  "reg_alpha": 0.053149817041473424,
  "gamma": 2.607951215803927
}