{
  "n_folds": 12,
  "wmape_overall": {
    "mean": 33.07863652069943,
    "std": 6.348701691341307
  },
  "wmape_weighted": 32.726026436803856,
  "wmape_base_overall": {
    "mean": NaN,
    "std": NaN
  },
  "wmape_base_weighted": NaN,
  "wmape_gain_overall": {
    "mean": NaN,
    "std": NaN
  },
  "wmape_gain_weighted": NaN,
  "wmape_peak_11_12": {
    "mean": 28.386978227469143,
    "std": 0.08674101808084843
  },
  "wmape_gain_peak_11_12": {
    "mean": NaN,
    "std": NaN
  },
  "wmape_nov": {
    "mean": 28.32564306537715,
    "std": 0.0
  },
  "wmape_dec": {
    "mean": 28.448313389561136,
    "std": 0.0
  },
  "gain_positive_rate": 0.0,
  "bad_rate_wmape_ge_40": 0.08333333333333333,
  "corr_log_mean_abs": {
    "mean": NaN,
    "std": NaN
  },
  "phase3_score": 42.70462137767046,
  "phase3_score_components": {
    "wmape_weighted": 32.726026436803856,
    "peak_std_11_12": 0.08674101808084843,
    "dec_mean": 28.448313389561136
  },
  "phase3_score_coeff": {
    "peak_std_coef": 0.25,
    "dec_mean_coef": 0.35
  }
}