{
  "n_folds": 12,
  "wmape_overall": {
    "mean": 32.96134930245021,
    "std": 5.783070003098731
  },
  "wmape_weighted": 32.53366820482735,
  "wmape_peak_11_12": {
    "mean": 27.897076041581656,
    "std": 2.193278754364646
  },
  "wmape_dec": {
    "mean": 29.44795832182528,
    "std": 0.0
  },
  "bad_rate_wmape_ge_40": 0.16666666666666666
}