{
  "roll_mode": "expanding",
  "roll_window_months": 24,
  "roll_min_train_periods": 22,
  "roll_gap": 0,
  "n_folds": 12,
  "wmape_mean": 32.96134930245021,
  "wmape_std": 5.536867987019255,
  "wmape_dec_mean": 29.44795832182528,
  "wmape_dec_std": 0.0,
  "wmape_peak_mean": 27.897076041581656,
  "wmape_peak_std": 1.5508822802436253,
  "optimal_trees": 2900
}