{
  "objective": "reg:absoluteerror",
  "eval_metric": "mae",
  "random_state": 42,
  "n_jobs": -1,
  "tree_method": "hist",
  "learning_rate": 0.1193934077385147,
  "n_estimators": 2900,
  "max_depth": 3,
  "min_child_weight": 5,
  "subsample": 0.6265601159135692,
  "colsample_bytree": 0.8576827159480886,
  "reg_lambda": 0.11907190031812552,
  "reg_alpha": 0.00013614600458509947,
  "gamma": 0.7422713675968654
}