{
  "n_folds": 12,
  "wmape_overall": {
    "mean": 33.189689686591244,
    "std": 5.347611538315074
  },
  "wmape_weighted": 32.85354351533439,
  "wmape_peak_11_12": {
    "mean": 29.34363274043699,
    "std": 1.61205980709187
  },
  "wmape_dec": {
    "mean": 30.48353116170993,
    "std": 0.0
  },
  "bad_rate_wmape_ge_40": 0.08333333333333333
}