{
  "roll_mode": "expanding",
  "roll_window_months": 24,
  "roll_min_train_periods": 22,
  "roll_gap": 0,
  "n_folds": 12,
  "wmape_mean": 33.189689686591244,
  "wmape_std": 5.119948248533423,
  "wmape_dec_mean": 30.48353116170993,
  "wmape_dec_std": 0.0,
  "wmape_peak_mean": 29.34363274043699,
  "wmape_peak_std": 1.1398984212729388,
  "optimal_trees": 2900
}