{
  "score": 34.465603322426254,
  "score_components": {
    "wmape_weighted": 32.85354351533439,
    "peak_std_11_12": 1.61205980709187,
    "dec_mean": 30.48353116170993
  },
  "tradeoff_lambda": 1.0
}