{
  "objective": "reg:absoluteerror",
  "eval_metric": "mae",
  "random_state": 42,
  "n_jobs": -1,
  "tree_method": "hist",
  "learning_rate": 0.04648173036952076,
  "n_estimators": 2900,
  "max_depth": 6,
  "min_child_weight": 11,
  "subsample": 0.9419525300222359,
  "colsample_bytree": 0.7227169698318849,
  "reg_lambda": 0.6930149067447214,
  "reg_alpha": 0.00010292874322632051,
  "gamma": 2.605484424342894
}