{
  "n_folds": 12,
  "wmape_overall": {
    "mean": 33.22801879360764,
    "std": 4.584511210857265
  },
  "wmape_weighted": 33.09583031654241,
  "wmape_peak_11_12": {
    "mean": 30.48435936528835,
    "std": 2.2926176645420258
  },
  "wmape_dec": {
    "mean": 32.10548486255408,
    "std": 0.0
  },
  "bad_rate_wmape_ge_40": 0.08333333333333333
}