{
  "n_folds": 12,
  "wmape_overall": {
    "mean": 33.08303677393452,
    "std": 5.540625707948977
  },
  "wmape_weighted": 32.66014263556475,
  "wmape_peak_11_12": {
    "mean": 28.79226444800955,
    "std": 1.3097890267040717
  },
  "wmape_dec": {
    "mean": 29.718425150715728,
    "std": 0.0
  },
  "bad_rate_wmape_ge_40": 0.08333333333333333
}