{
  "score": 33.96993166226883,
  "score_components": {
    "wmape_weighted": 32.66014263556475,
    "peak_std_11_12": 1.3097890267040717,
    "dec_mean": 29.718425150715728
  },
  "tradeoff_lambda": 1.0
}