{
  "objective": "reg:absoluteerror",
  "eval_metric": "mae",
  "random_state": 42,
  "n_jobs": -1,
  "tree_method": "hist",
  "learning_rate": 0.05048762470240494,
  "n_estimators": 1750,
  "max_depth": 8,
  "min_child_weight": 2,
  "subsample": 0.6783931449676581,
  "colsample_bytree": 0.6180909155642152,
  "reg_lambda": 0.19188251048399,
  "reg_alpha": 0.003378449765619961,
  "gamma": 0.8140470953216877
}