{
  "objective": "reg:absoluteerror",
  "eval_metric": "mae",
  "random_state": 42,
  "n_jobs": -1,
  "tree_method": "hist",
  "learning_rate": 0.04395225692486303,
  "n_estimators": 2900,
  "max_depth": 4,
  "min_child_weight": 15,
  "subsample": 0.9100531293444458,
  "colsample_bytree": 0.9757995766256756,
  "reg_lambda": 0.9412083349710854,
  "reg_alpha": 1.6023850290194919,
  "gamma": 2.7656227050693505
}