{
  "n_folds": 12,
  "wmape_overall": {
    "mean": 32.630292695834434,
    "std": 4.774949485900187
  },
  "wmape_weighted": 32.511625232464354,
  "wmape_peak_11_12": {
    "mean": 29.476869169737036,
    "std": 2.1593432744704897
  },
  "wmape_dec": {
    "mean": 31.003755442024683,
    "std": 0.0
  },
  "bad_rate_wmape_ge_40": 0.08333333333333333
}