{
  "roll_mode": "expanding",
  "roll_window_months": 24,
  "roll_min_train_periods": 22,
  "roll_gap": 0,
  "n_folds": 12,
  "wmape_mean": 32.630292695834434,
  "wmape_std": 4.57166607596803,
  "wmape_dec_mean": 31.003755442024683,
  "wmape_dec_std": 0.0,
  "wmape_peak_mean": 29.476869169737036,
  "wmape_peak_std": 1.5268862722876477,
  "optimal_trees": 2900
}