{
  "objective": "reg:absoluteerror",
  "eval_metric": "mae",
  "random_state": 42,
  "n_jobs": -1,
  "tree_method": "hist",
  "learning_rate": 0.02032854896945375,
  "n_estimators": 2900,
  "max_depth": 7,
  "min_child_weight": 9,
  "subsample": 0.8290213319296734,
  "colsample_bytree": 0.7980195658033542,
  "reg_lambda": 3.129510572646346,
  "reg_alpha": 0.03148810132517926,
  "gamma": 1.0367250991258676
}