{
  "n_folds": 12,
  "wmape_overall": {
    "mean": 33.06664634483309,
    "std": 6.3473345958198975
  },
  "wmape_weighted": 32.71748584754389,
  "wmape_base_overall": {
    "mean": NaN,
    "std": NaN
  },
  "wmape_base_weighted": NaN,
  "wmape_gain_overall": {
    "mean": NaN,
    "std": NaN
  },
  "wmape_gain_weighted": NaN,
  "wmape_peak_11_12": {
    "mean": 28.376532708177628,
    "std": 0.03925578257277489
  },
  "wmape_gain_peak_11_12": {
    "mean": NaN,
    "std": NaN
  },
  "wmape_nov": {
    "mean": 28.348774678119632,
    "std": 0.0
  },
  "wmape_dec": {
    "mean": 28.40429073823562,
    "std": 0.0
  },
  "gain_positive_rate": 0.0,
  "bad_rate_wmape_ge_40": 0.08333333333333333,
  "corr_log_mean_abs": {
    "mean": NaN,
    "std": NaN
  },
  "phase3_score": 42.66880155156955,
  "phase3_score_components": {
    "wmape_weighted": 32.71748584754389,
    "peak_std_11_12": 0.03925578257277489,
    "dec_mean": 28.40429073823562
  },
  "phase3_score_coeff": {
    "peak_std_coef": 0.25,
    "dec_mean_coef": 0.35
  }
}