{
  "n_folds": 12,
  "wmape_overall": {
    "mean": 33.00859720735609,
    "std": 5.640032565642091
  },
  "wmape_weighted": 32.67539699407431,
  "wmape_peak_11_12": {
    "mean": 28.683200789874835,
    "std": 1.9054293083015932
  },
  "wmape_dec": {
    "mean": 30.030542774846484,
    "std": 0.0
  },
  "bad_rate_wmape_ge_40": 0.08333333333333333
}