{
  "roll_mode": "expanding",
  "roll_window_months": 24,
  "roll_min_train_periods": 22,
  "roll_gap": 0,
  "n_folds": 12,
  "wmape_mean": 33.00859720735608,
  "wmape_std": 5.399920066974267,
  "wmape_dec_mean": 30.030542774846484,
  "wmape_dec_std": 0.0,
  "wmape_peak_mean": 28.683200789874835,
  "wmape_peak_std": 1.3473419849716493,
  "optimal_trees": 2900
}