{
  "objective": "reg:absoluteerror",
  "eval_metric": "mae",
  "random_state": 42,
  "n_jobs": -1,
  "tree_method": "hist",
  "learning_rate": 0.03193874426784791,
  "n_estimators": 2900,
  "max_depth": 5,
  "min_child_weight": 12,
  "subsample": 0.806028553365589,
  "colsample_bytree": 0.6389380926965811,
  "reg_lambda": 0.02186790409441628,
  "reg_alpha": 1.4793439333590628,
  "gamma": 2.526389241867953
}