{
  "n_folds": 12,
  "wmape_overall": {
    "mean": 33.227482049145344,
    "std": 6.416320904366206
  },
  "wmape_weighted": 32.878134594102676,
  "wmape_peak_11_12": {
    "mean": 29.486117106196183,
    "std": 0.35969634833305614
  },
  "wmape_dec": {
    "mean": 29.740460833270525,
    "std": 0.0
  },
  "bad_rate_wmape_ge_40": 0.16666666666666666
}