{
  "objective": "reg:absoluteerror",
  "eval_metric": "mae",
  "random_state": 42,
  "n_jobs": -1,
  "tree_method": "hist",
  "learning_rate": 0.10960214155597711,
  "n_estimators": 2900,
  "max_depth": 3,
  "min_child_weight": 8,
  "subsample": 0.9604030460892226,
  "colsample_bytree": 0.7294753746736923,
  "reg_lambda": 2.5920736581146526,
  "reg_alpha": 1.043096116219882,
  "gamma": 1.6805462030357017
}