{
  "n_folds": 12,
  "wmape_overall": {
    "mean": 32.79392782309317,
    "std": 5.782648959173275
  },
  "wmape_weighted": 32.44299293452732,
  "wmape_peak_11_12": {
    "mean": 28.74346887957953,
    "std": 1.3791899854721925
  },
  "wmape_dec": {
    "mean": 29.718703470851494,
    "std": 0.0
  },
  "bad_rate_wmape_ge_40": 0.08333333333333333
}