{
  "roll_mode": "expanding",
  "roll_window_months": 24,
  "roll_min_train_periods": 22,
  "roll_gap": 0,
  "n_folds": 12,
  "wmape_mean": 32.79392782309317,
  "wmape_std": 5.536464868151468,
  "wmape_dec_mean": 29.718703470851494,
  "wmape_dec_std": 0.0,
  "wmape_peak_mean": 28.74346887957953,
  "wmape_peak_std": 0.9752345912719633,
  "optimal_trees": 2900
}