{
  "objective": "reg:absoluteerror",
  "eval_metric": "mae",
  "random_state": 42,
  "n_jobs": -1,
  "tree_method": "hist",
  "learning_rate": 0.06005191224191198,
  "n_estimators": 2900,
  "max_depth": 4,
  "min_child_weight": 8,
  "subsample": 0.8054501964006324,
  "colsample_bytree": 0.6980401357544638,
  "reg_lambda": 0.013825993300799151,
  "reg_alpha": 1.8287229232708038,
  "gamma": 2.7086016061228677
}