{
  "n_folds": 12,
  "wmape_overall": {
    "mean": 32.94379113679538,
    "std": 5.792010861780605
  },
  "wmape_weighted": 32.45004242539792,
  "wmape_peak_11_12": {
    "mean": 28.320989660386836,
    "std": 1.0418980932327846
  },
  "wmape_dec": {
    "mean": 29.05772286741707,
    "std": 0.0
  },
  "bad_rate_wmape_ge_40": 0.08333333333333333
}