{
  "roll_mode": "expanding",
  "roll_window_months": 24,
  "roll_min_train_periods": 22,
  "roll_gap": 0,
  "n_folds": 12,
  "wmape_mean": 32.94379113679538,
  "wmape_std": 5.5454282074879,
  "wmape_dec_mean": 29.05772286741707,
  "wmape_dec_std": 0.0,
  "wmape_peak_mean": 28.320989660386836,
  "wmape_peak_std": 0.7367332070302357,
  "optimal_trees": 2900
}