{
  "n_folds": 12,
  "wmape_overall": {
    "mean": 33.70889639518494,
    "std": 5.183847238846515
  },
  "wmape_weighted": 33.28081888683304,
  "wmape_peak_11_12": {
    "mean": 30.000551375181537,
    "std": 1.0805115631242317
  },
  "wmape_dec": {
    "mean": 30.764588428617156,
    "std": 0.0
  },
  "bad_rate_wmape_ge_40": 0.08333333333333333
}