{
  "n_folds": 12,
  "wmape_overall": {
    "mean": 33.13217677177471,
    "std": 4.791784068056193
  },
  "wmape_weighted": 32.71018446401731,
  "wmape_peak_11_12": {
    "mean": 29.836024491206338,
    "std": 0.30286890189606863
  },
  "wmape_dec": {
    "mean": 29.621863836865103,
    "std": 0.0
  },
  "bad_rate_wmape_ge_40": 0.08333333333333333
}