{
  "roll_mode": "expanding",
  "roll_window_months": 24,
  "roll_min_train_periods": 22,
  "roll_gap": 0,
  "n_folds": 12,
  "wmape_mean": 33.13217677177471,
  "wmape_std": 4.587783961271942,
  "wmape_dec_mean": 29.621863836865103,
  "wmape_dec_std": 0.0,
  "wmape_peak_mean": 29.836024491206338,
  "wmape_peak_std": 0.21416065434123333,
  "optimal_trees": 2900
}