{
  "objective": "reg:absoluteerror",
  "eval_metric": "mae",
  "random_state": 42,
  "n_jobs": -1,
  "tree_method": "hist",
  "learning_rate": 0.10380754722179576,
  "n_estimators": 2900,
  "max_depth": 4,
  "min_child_weight": 8,
  "subsample": 0.9643360495114998,
  "colsample_bytree": 0.6938002083584149,
  "reg_lambda": 2.496156386580892,
  "reg_alpha": 1.1531076870372146,
  "gamma": 2.3987182849644557
}