{
  "n_folds": 12,
  "wmape_overall": {
    "mean": 32.73483467800483,
    "std": 5.831659599325504
  },
  "wmape_weighted": 32.33393942199016,
  "wmape_peak_11_12": {
    "mean": 28.343202868295137,
    "std": 0.5642429102583761
  },
  "wmape_dec": {
    "mean": 28.74218285637527,
    "std": 0.0
  },
  "bad_rate_wmape_ge_40": 0.16666666666666666
}