{
  "objective": "reg:absoluteerror",
  "eval_metric": "mae",
  "random_state": 42,
  "n_jobs": -1,
  "tree_method": "hist",
  "learning_rate": 0.10510429798149583,
  "n_estimators": 2900,
  "max_depth": 4,
  "min_child_weight": 7,
  "subsample": 0.9115479026897553,
  "colsample_bytree": 0.7709398799219519,
  "reg_lambda": 3.097628392308612,
  "reg_alpha": 1.742807760584612,
  "gamma": 1.762853111179587
}