{
  "n_folds": 12,
  "wmape_overall": {
    "mean": 33.6179814551131,
    "std": 5.665814675802619
  },
  "wmape_weighted": 33.033259604075624,
  "wmape_peak_11_12": {
    "mean": 28.58335259707677,
    "std": 0.003209018605472665
  },
  "wmape_dec": {
    "mean": 28.581083478259888,
    "std": 0.0
  },
  "bad_rate_wmape_ge_40": 0.08333333333333333
}