{
  "roll_mode": "expanding",
  "roll_window_months": 24,
  "roll_min_train_periods": 22,
  "roll_gap": 0,
  "n_folds": 12,
  "wmape_mean": 33.617981455113096,
  "wmape_std": 5.4246045581371165,
  "wmape_dec_mean": 28.581083478259888,
  "wmape_dec_std": 0.0,
  "wmape_peak_mean": 28.58335259707677,
  "wmape_peak_std": 0.0022691188168835197,
  "optimal_trees": 2900
}