{
  "objective": "reg:absoluteerror",
  "eval_metric": "mae",
  "random_state": 42,
  "n_jobs": -1,
  "tree_method": "hist",
  "learning_rate": 0.10266668779183302,
  "n_estimators": 2900,
  "max_depth": 4,
  "min_child_weight": 8,
  "subsample": 0.933516823595415,
  "colsample_bytree": 0.7521529236336171,
  "reg_lambda": 6.918655971668475,
  "reg_alpha": 1.9282760831250403,
  "gamma": 1.7901723257359343
}