{
  "n_folds": 12,
  "wmape_overall": {
    "mean": 33.075055466740764,
    "std": 5.336241057287592
  },
  "wmape_weighted": 32.84507759057283,
  "wmape_peak_11_12": {
    "mean": 29.7038535685233,
    "std": 2.7095210764751605
  },
  "wmape_dec": {
    "mean": 31.619774295466758,
    "std": 0.0
  },
  "bad_rate_wmape_ge_40": 0.08333333333333333
}