{
  "roll_mode": "expanding",
  "roll_window_months": 24,
  "roll_min_train_periods": 22,
  "roll_gap": 0,
  "n_folds": 12,
  "wmape_mean": 33.07505546674077,
  "wmape_std": 5.109061841769483,
  "wmape_dec_mean": 31.619774295466758,
  "wmape_dec_std": 0.0,
  "wmape_peak_mean": 29.7038535685233,
  "wmape_peak_std": 1.91592072694346,
  "optimal_trees": 2900
}