{
  "objective": "reg:absoluteerror",
  "eval_metric": "mae",
  "random_state": 42,
  "n_jobs": -1,
  "tree_method": "hist",
  "learning_rate": 0.05065434890908302,
  "n_estimators": 2900,
  "max_depth": 7,
  "min_child_weight": 8,
  "subsample": 0.8150656764757,
  "colsample_bytree": 0.7484587555630596,
  "reg_lambda": 1.6052176450552211,
  "reg_alpha": 0.0663129107247366,
  "gamma": 1.7198043041279212
}