{
  "n_folds": 12,
  "wmape_overall": {
    "mean": 32.58832692403594,
    "std": 5.427861424372764
  },
  "wmape_weighted": 32.17665900689762,
  "wmape_peak_11_12": {
    "mean": 27.88846978929402,
    "std": 1.5678475706511537
  },
  "wmape_dec": {
    "mean": 28.997105438368305,
    "std": 0.0
  },
  "bad_rate_wmape_ge_40": 0.08333333333333333
}