{
  "roll_mode": "expanding",
  "roll_window_months": 24,
  "roll_min_train_periods": 22,
  "roll_gap": 0,
  "n_folds": 12,
  "wmape_mean": 32.58832692403593,
  "wmape_std": 5.196781664839412,
  "wmape_dec_mean": 28.997105438368305,
  "wmape_dec_std": 0.0,
  "wmape_peak_mean": 27.88846978929402,
  "wmape_peak_std": 1.1086356490742855,
  "optimal_trees": 2900
}