{
  "n_folds": 12,
  "wmape_overall": {
    "mean": 32.86070202864585,
    "std": 6.186211354078346
  },
  "wmape_weighted": 32.503154677553674,
  "wmape_peak_11_12": {
    "mean": 28.014984830999587,
    "std": 2.19724322089185
  },
  "wmape_dec": {
    "mean": 29.568670412408387,
    "std": 0.0
  },
  "bad_rate_wmape_ge_40": 0.16666666666666666
}