{
  "roll_mode": "expanding",
  "roll_window_months": 24,
  "roll_min_train_periods": 22,
  "roll_gap": 0,
  "n_folds": 12,
  "wmape_mean": 32.86070202864585,
  "wmape_std": 5.922846444704651,
  "wmape_dec_mean": 29.568670412408387,
  "wmape_dec_std": 0.0,
  "wmape_peak_mean": 28.014984830999587,
  "wmape_peak_std": 1.5536855814087982,
  "optimal_trees": 2900
}