{
  "n_folds": 12,
  "wmape_overall": {
    "mean": 32.798830959198554,
    "std": 5.981689123226927
  },
  "wmape_weighted": 32.45499320593559,
  "wmape_peak_11_12": {
    "mean": 28.723190596693286,
    "std": 0.6646519622758784
  },
  "wmape_dec": {
    "mean": 29.193170506347503,
    "std": 0.0
  },
  "bad_rate_wmape_ge_40": 0.08333333333333333
}