{
  "n_folds": 12,
  "wmape_overall": {
    "mean": 32.91449277729859,
    "std": 4.8946972294097115
  },
  "wmape_weighted": 32.72858634739014,
  "wmape_peak_11_12": {
    "mean": 30.348815419064337,
    "std": 1.8614566107255488
  },
  "wmape_dec": {
    "mean": 31.6650640113929,
    "std": 0.0
  },
  "bad_rate_wmape_ge_40": 0.08333333333333333
}