{
  "n_folds": 12,
  "wmape_overall": {
    "mean": 32.94559708323681,
    "std": 5.17582849311665
  },
  "wmape_weighted": 32.64150771507547,
  "wmape_peak_11_12": {
    "mean": 29.25992776960249,
    "std": 1.2947289903145787
  },
  "wmape_dec": {
    "mean": 30.175439418452743,
    "std": 0.0
  },
  "bad_rate_wmape_ge_40": 0.08333333333333333
}