{
  "roll_mode": "expanding",
  "roll_window_months": 24,
  "roll_min_train_periods": 22,
  "roll_gap": 0,
  "n_folds": 12,
  "wmape_mean": 32.945597083236805,
  "wmape_std": 4.95547850440752,
  "wmape_dec_mean": 30.175439418452743,
  "wmape_dec_std": 0.0,
  "wmape_peak_mean": 29.25992776960249,
  "wmape_peak_std": 0.9155116488502504,
  "optimal_trees": 2900
}