{
  "score": 34.59004295811569,
  "score_components": {
    "wmape_weighted": 32.72858634739014,
    "peak_std_11_12": 1.8614566107255488,
    "dec_mean": 31.6650640113929
  },
  "tradeoff_lambda": 1.0
}