{
  "score": 33.93623670539005,
  "score_components": {
    "wmape_weighted": 32.64150771507547,
    "peak_std_11_12": 1.2947289903145787,
    "dec_mean": 30.175439418452743
  },
  "tradeoff_lambda": 1.0
}