{
  "objective": "reg:absoluteerror",
  "eval_metric": "mae",
  "random_state": 42,
  "n_jobs": -1,
  "tree_method": "hist",
  "learning_rate": 0.015143727243072284,
  "n_estimators": 2900,
  "max_depth": 6,
  "min_child_weight": 8,
  "subsample": 0.9648068344792708,
  "colsample_bytree": 0.8527260782141803,
  "reg_lambda": 0.04193604807348557,
  "reg_alpha": 0.00835269775262996,
  "gamma": 0.9102933055098664
}