{
  "n_folds": 12,
  "wmape_overall": {
    "mean": 33.08136482341696,
    "std": 5.6775287798633505
  },
  "wmape_weighted": 32.63150328335753,
  "wmape_peak_11_12": {
    "mean": 28.076321951065637,
    "std": 0.8580281719722208
  },
  "wmape_dec": {
    "mean": 28.68303948991629,
    "std": 0.0
  },
  "bad_rate_wmape_ge_40": 0.08333333333333333
}