{
  "roll_mode": "expanding",
  "roll_window_months": 24,
  "roll_min_train_periods": 22,
  "roll_gap": 0,
  "n_folds": 12,
  "wmape_mean": 33.08136482341696,
  "wmape_std": 5.43581995890794,
  "wmape_dec_mean": 28.68303948991629,
  "wmape_dec_std": 0.0,
  "wmape_peak_mean": 28.076321951065637,
  "wmape_peak_std": 0.6067175388506545,
  "optimal_trees": 2900
}