{
  "objective": "reg:absoluteerror",
  "eval_metric": "mae",
  "random_state": 42,
  "n_jobs": -1,
  "tree_method": "hist",
  "learning_rate": 0.02992264352431267,
  "n_estimators": 2900,
  "max_depth": 3,
  "min_child_weight": 14,
  "subsample": 0.9565945050998347,
  "colsample_bytree": 0.7224816965276161,
  "reg_lambda": 0.016463222206357157,
  "reg_alpha": 0.021299336488930284,
  "gamma": 2.1760785579546646
}