{
  "n_folds": 12,
  "wmape_overall": {
    "mean": 32.81670730424402,
    "std": 5.355417988543449
  },
  "wmape_weighted": 32.327083481689044,
  "wmape_peak_11_12": {
    "mean": 28.941063092351154,
    "std": 0.1121113226248077
  },
  "wmape_dec": {
    "mean": 29.02033776882695,
    "std": 0.0
  },
  "bad_rate_wmape_ge_40": 0.08333333333333333
}