{
  "roll_mode": "expanding",
  "roll_window_months": 24,
  "roll_min_train_periods": 22,
  "roll_gap": 0,
  "n_folds": 12,
  "wmape_mean": 32.81670730424402,
  "wmape_std": 5.12742235559742,
  "wmape_dec_mean": 29.02033776882695,
  "wmape_dec_std": 0.0,
  "wmape_peak_mean": 28.941063092351154,
  "wmape_peak_std": 0.07927467647579434,
  "optimal_trees": 2900
}