{
  "objective": "reg:absoluteerror",
  "eval_metric": "mae",
  "random_state": 42,
  "n_jobs": -1,
  "tree_method": "hist",
  "learning_rate": 0.06734788881606991,
  "n_estimators": 2900,
  "max_depth": 4,
  "min_child_weight": 8,
  "subsample": 0.9390852915998682,
  "colsample_bytree": 0.6225693541331038,
  "reg_lambda": 0.9154238820534056,
  "reg_alpha": 1.0165067954058964,
  "gamma": 1.9678856599831955
}