{
  "n_folds": 12,
  "wmape_overall": {
    "mean": 32.96330267761389,
    "std": 5.3964030640221665
  },
  "wmape_weighted": 32.636890595298304,
  "wmape_peak_11_12": {
    "mean": 28.414619038771885,
    "std": 1.6467066087792819
  },
  "wmape_dec": {
    "mean": 29.57901644846442,
    "std": 0.0
  },
  "bad_rate_wmape_ge_40": 0.08333333333333333
}