{
  "objective": "reg:absoluteerror",
  "eval_metric": "mae",
  "random_state": 42,
  "n_jobs": -1,
  "tree_method": "hist",
  "learning_rate": 0.045345112052762225,
  "n_estimators": 2900,
  "max_depth": 3,
  "min_child_weight": 3,
  "subsample": 0.9709937702422275,
  "colsample_bytree": 0.9439870956037794,
  "reg_lambda": 0.04373678730940313,
  "reg_alpha": 4.946038084060412,
  "gamma": 1.9536358573444943
}