{
  "n_folds": 12,
  "wmape_overall": {
    "mean": 33.07009705408058,
    "std": 6.3393808269954555
  },
  "wmape_weighted": 32.72027380129296,
  "wmape_base_overall": {
    "mean": NaN,
    "std": NaN
  },
  "wmape_base_weighted": NaN,
  "wmape_gain_overall": {
    "mean": NaN,
    "std": NaN
  },
  "wmape_gain_weighted": NaN,
  "wmape_peak_11_12": {
    "mean": 28.378429785535097,
    "std": 0.06878550616897468
  },
  "wmape_gain_peak_11_12": {
    "mean": NaN,
    "std": NaN
  },
  "wmape_nov": {
    "mean": 28.329791087675666,
    "std": 0.0
  },
  "wmape_dec": {
    "mean": 28.427068483394528,
    "std": 0.0
  },
  "gain_positive_rate": 0.0,
  "bad_rate_wmape_ge_40": 0.08333333333333333,
  "corr_log_mean_abs": {
    "mean": NaN,
    "std": NaN
  },
  "phase3_score": 42.68694414702329,
  "phase3_score_components": {
    "wmape_weighted": 32.72027380129296,
    "peak_std_11_12": 0.06878550616897468,
    "dec_mean": 28.427068483394528
  },
  "phase3_score_coeff": {
    "peak_std_coef": 0.25,
    "dec_mean_coef": 0.35
  }
}