{
  "n_folds": 12,
  "wmape_overall": {
    "mean": 33.19166284849716,
    "std": 5.080809086230007
  },
  "wmape_weighted": 32.85818954568642,
  "wmape_peak_11_12": {
    "mean": 29.340178536046672,
    "std": 2.4074137264112747
  },
  "wmape_dec": {
    "mean": 31.04247710711366,
    "std": 0.0
  },
  "bad_rate_wmape_ge_40": 0.08333333333333333
}