{
  "n_folds": 12,
  "wmape_overall": {
    "mean": 32.80209756887198,
    "std": 6.13896585169184
  },
  "wmape_weighted": 32.31070511993041,
  "wmape_peak_11_12": {
    "mean": 29.763977825381243,
    "std": 0.21050493680470586
  },
  "wmape_dec": {
    "mean": 29.912827293669096,
    "std": 0.0
  },
  "bad_rate_wmape_ge_40": 0.16666666666666666
}