{
  "roll_mode": "expanding",
  "roll_window_months": 24,
  "roll_min_train_periods": 22,
  "roll_gap": 0,
  "n_folds": 12,
  "wmape_mean": 32.80209756887198,
  "wmape_std": 5.877612320000244,
  "wmape_dec_mean": 29.912827293669096,
  "wmape_dec_std": 0.0,
  "wmape_peak_mean": 29.763977825381243,
  "wmape_peak_std": 0.14884946828785317,
  "optimal_trees": 2900
}