{
  "score": 32.521210056735114,
  "score_components": {
    "wmape_weighted": 32.31070511993041,
    "peak_std_11_12": 0.21050493680470586,
    "dec_mean": 29.912827293669096
  },
  "tradeoff_lambda": 1.0
}