{
  "score": 35.2656032720977,
  "score_components": {
    "wmape_weighted": 32.85818954568642,
    "peak_std_11_12": 2.4074137264112747,
    "dec_mean": 31.04247710711366
  },
  "tradeoff_lambda": 1.0
}