{
  "objective": "reg:absoluteerror",
  "eval_metric": "mae",
  "random_state": 42,
  "n_jobs": -1,
  "tree_method": "hist",
  "learning_rate": 0.12135653659433725,
  "n_estimators": 2900,
  "max_depth": 3,
  "min_child_weight": 5,
  "subsample": 0.7076761756649366,
  "colsample_bytree": 0.7016983438434721,
  "reg_lambda": 0.403943097352267,
  "reg_alpha": 1.5504429361182663,
  "gamma": 2.5571213346736097
}