{
  "objective": "reg:absoluteerror",
  "eval_metric": "mae",
  "random_state": 42,
  "n_jobs": -1,
  "tree_method": "hist",
  "learning_rate": 0.019194408128628535,
  "n_estimators": 600,
  "max_depth": 7,
  "min_child_weight": 15,
  "subsample": 0.8746405199778989,
  "colsample_bytree": 0.9633873342656966,
  "reg_lambda": 0.03940428714453308,
  "reg_alpha": 0.04043529400656317,
  "gamma": 0.8931710060049597
}