{
  "n_folds": 12,
  "wmape_overall": {
    "mean": 32.838903489191075,
    "std": 5.360751466598451
  },
  "wmape_weighted": 32.55368603077628,
  "wmape_peak_11_12": {
    "mean": 28.55392117535628,
    "std": 1.738113978043217
  },
  "wmape_dec": {
    "mean": 29.782953355705764,
    "std": 0.0
  },
  "bad_rate_wmape_ge_40": 0.08333333333333333
}