{
  "objective": "reg:absoluteerror",
  "eval_metric": "mae",
  "random_state": 42,
  "n_jobs": -1,
  "tree_method": "hist",
  "learning_rate": 0.017993720302430703,
  "n_estimators": 2900,
  "max_depth": 6,
  "min_child_weight": 5,
  "subsample": 0.8189702645923693,
  "colsample_bytree": 0.919472152414613,
  "reg_lambda": 0.010002706107999757,
  "reg_alpha": 0.0013144961946039578,
  "gamma": 2.004448955821697
}