{
  "n_folds": 12,
  "wmape_overall": {
    "mean": 32.74608859925713,
    "std": 4.948840208354277
  },
  "wmape_weighted": 32.32082760239492,
  "wmape_peak_11_12": {
    "mean": 28.143058431017792,
    "std": 1.5591469570642282
  },
  "wmape_dec": {
    "mean": 29.24554181722428,
    "std": 0.0
  },
  "bad_rate_wmape_ge_40": 0.08333333333333333
}