{
  "roll_mode": "expanding",
  "roll_window_months": 24,
  "roll_min_train_periods": 22,
  "roll_gap": 0,
  "n_folds": 12,
  "wmape_mean": 32.74608859925712,
  "wmape_std": 4.738153767432909,
  "wmape_dec_mean": 29.24554181722428,
  "wmape_dec_std": 0.0,
  "wmape_peak_mean": 28.143058431017792,
  "wmape_peak_std": 1.1024833862064867,
  "optimal_trees": 2900
}