{
  "objective": "reg:absoluteerror",
  "eval_metric": "mae",
  "random_state": 42,
  "n_jobs": -1,
  "tree_method": "hist",
  "learning_rate": 0.10607720329893851,
  "n_estimators": 2900,
  "max_depth": 4,
  "min_child_weight": 8,
  "subsample": 0.9630931316699048,
  "colsample_bytree": 0.6626471725840718,
  "reg_lambda": 2.4529699059005745,
  "reg_alpha": 1.1612774303501845,
  "gamma": 2.370252060915087
}