{
  "n_folds": 12,
  "wmape_overall": {
    "mean": 33.62633479935171,
    "std": 6.081427803307005
  },
  "wmape_weighted": 32.868657771554105,
  "wmape_peak_11_12": {
    "mean": 28.55779125535961,
    "std": 0.6065969732127914
  },
  "wmape_dec": {
    "mean": 28.12886242215361,
    "std": 0.0
  },
  "bad_rate_wmape_ge_40": 0.16666666666666666
}