{
  "objective": "reg:absoluteerror",
  "eval_metric": "mae",
  "random_state": 42,
  "n_jobs": -1,
  "tree_method": "hist",
  "learning_rate": 0.06963290819219285,
  "n_estimators": 2900,
  "max_depth": 3,
  "min_child_weight": 6,
  "subsample": 0.9024200776548925,
  "colsample_bytree": 0.6557002874550849,
  "reg_lambda": 0.028091464397431088,
  "reg_alpha": 0.4340501594923413,
  "gamma": 0.40305481877171323
}