{
  "n_folds": 12,
  "wmape_overall": {
    "mean": 32.85833355375176,
    "std": 4.584413875515763
  },
  "wmape_weighted": 32.612587823957895,
  "wmape_peak_11_12": {
    "mean": 29.32732024761242,
    "std": 1.6570445588536482
  },
  "wmape_dec": {
    "mean": 30.499027691906104,
    "std": 0.0
  },
  "bad_rate_wmape_ge_40": 0.08333333333333333
}