{
  "n_folds": 12,
  "wmape_overall": {
    "mean": 33.26420970472455,
    "std": 5.577378009590525
  },
  "wmape_weighted": 32.66949245913461,
  "wmape_peak_11_12": {
    "mean": 28.275717486699495,
    "std": 1.4344146514695684
  },
  "wmape_dec": {
    "mean": 29.290001813786965,
    "std": 0.0
  },
  "bad_rate_wmape_ge_40": 0.08333333333333333
}