{
  "roll_mode": "expanding",
  "roll_window_months": 24,
  "roll_min_train_periods": 22,
  "roll_gap": 0,
  "n_folds": 12,
  "wmape_mean": 33.26420970472455,
  "wmape_std": 5.339932896586058,
  "wmape_dec_mean": 29.290001813786965,
  "wmape_dec_std": 0.0,
  "wmape_peak_mean": 28.275717486699495,
  "wmape_peak_std": 1.01428432708747,
  "optimal_trees": 2900
}