{
  "score": 34.103907110604176,
  "score_components": {
    "wmape_weighted": 32.66949245913461,
    "peak_std_11_12": 1.4344146514695684,
    "dec_mean": 29.290001813786965
  },
  "tradeoff_lambda": 1.0
}