{
  "objective": "reg:absoluteerror",
  "eval_metric": "mae",
  "random_state": 42,
  "n_jobs": -1,
  "tree_method": "hist",
  "learning_rate": 0.07603150571343763,
  "n_estimators": 2900,
  "max_depth": 4,
  "min_child_weight": 4,
  "subsample": 0.9624915884265219,
  "colsample_bytree": 0.8278565988290477,
  "reg_lambda": 13.953598785855261,
  "reg_alpha": 0.04517329071637354,
  "gamma": 0.36110755730869104
}