{
  "n_folds": 12,
  "wmape_overall": {
    "mean": 32.899767351023144,
    "std": 5.6181789534753594
  },
  "wmape_weighted": 32.393227322256564,
  "wmape_peak_11_12": {
    "mean": 27.31267608741978,
    "std": 2.027902254346491
  },
  "wmape_dec": {
    "mean": 28.74661952305167,
    "std": 0.0
  },
  "bad_rate_wmape_ge_40": 0.16666666666666666
}