{
  "n_folds": 12,
  "wmape_overall": {
    "mean": 33.02344953925689,
    "std": 5.890141022523535
  },
  "wmape_weighted": 32.51897412721505,
  "wmape_peak_11_12": {
    "mean": 27.62893692027718,
    "std": 1.2903919208647996
  },
  "wmape_dec": {
    "mean": 28.541381797909015,
    "std": 0.0
  },
  "bad_rate_wmape_ge_40": 0.08333333333333333
}