{
  "roll_mode": "expanding",
  "roll_window_months": 24,
  "roll_min_train_periods": 22,
  "roll_gap": 0,
  "n_folds": 12,
  "wmape_mean": 33.023449539256895,
  "wmape_std": 5.639380683471669,
  "wmape_dec_mean": 28.541381797909015,
  "wmape_dec_std": 0.0,
  "wmape_peak_mean": 27.62893692027718,
  "wmape_peak_std": 0.9124448776318346,
  "optimal_trees": 2900
}