{
  "score": 33.80936604807985,
  "score_components": {
    "wmape_weighted": 32.51897412721505,
    "peak_std_11_12": 1.2903919208647996,
    "dec_mean": 28.541381797909015
  },
  "tradeoff_lambda": 1.0
}