{
  "objective": "reg:absoluteerror",
  "eval_metric": "mae",
  "random_state": 42,
  "n_jobs": -1,
  "tree_method": "hist",
  "learning_rate": 0.0635346577916254,
  "n_estimators": 2900,
  "max_depth": 3,
  "min_child_weight": 8,
  "subsample": 0.8410293014584487,
  "colsample_bytree": 0.6653364163479973,
  "reg_lambda": 0.02498167364616352,
  "reg_alpha": 0.532411997777625,
  "gamma": 2.953146784724774
}