{
  "n_folds": 12,
  "wmape_overall": {
    "mean": 32.99191985343948,
    "std": 6.3524657036829355
  },
  "wmape_weighted": 32.453626133903505,
  "wmape_peak_11_12": {
    "mean": 28.092892796828252,
    "std": 1.503090360179796
  },
  "wmape_dec": {
    "mean": 29.155738183247514,
    "std": 0.0
  },
  "bad_rate_wmape_ge_40": 0.08333333333333333
}