{
  "n_folds": 12,
  "wmape_overall": {
    "mean": 32.958011922525095,
    "std": 6.2351434785509685
  },
  "wmape_weighted": 32.35318195129391,
  "wmape_peak_11_12": {
    "mean": 28.285089998530886,
    "std": 1.1619112212624616
  },
  "wmape_dec": {
    "mean": 29.106685302222317,
    "std": 0.0
  },
  "bad_rate_wmape_ge_40": 0.16666666666666666
}