{
  "roll_mode": "expanding",
  "roll_window_months": 24,
  "roll_min_train_periods": 22,
  "roll_gap": 0,
  "n_folds": 12,
  "wmape_mean": 32.99191985343947,
  "wmape_std": 6.082022865798483,
  "wmape_dec_mean": 29.155738183247514,
  "wmape_dec_std": 0.0,
  "wmape_peak_mean": 28.092892796828252,
  "wmape_peak_std": 1.062845386419264,
  "optimal_trees": 2000
}