{
  "roll_mode": "expanding",
  "roll_window_months": 24,
  "roll_min_train_periods": 22,
  "roll_gap": 0,
  "n_folds": 12,
  "wmape_mean": 32.958011922525095,
  "wmape_std": 5.9696953871148475,
  "wmape_dec_mean": 29.106685302222317,
  "wmape_dec_std": 0.0,
  "wmape_peak_mean": 28.285089998530886,
  "wmape_peak_std": 0.8215953036914296,
  "optimal_trees": 2900
}