{
  "score": 33.51509317255638,
  "score_components": {
    "wmape_weighted": 32.35318195129391,
    "peak_std_11_12": 1.1619112212624616,
    "dec_mean": 29.106685302222317
  },
  "tradeoff_lambda": 1.0
}