{
  "objective": "reg:absoluteerror",
  "eval_metric": "mae",
  "random_state": 42,
  "n_jobs": -1,
  "tree_method": "hist",
  "learning_rate": 0.1498249681490891,
  "n_estimators": 2000,
  "max_depth": 3,
  "min_child_weight": 7,
  "subsample": 0.8183218271761764,
  "colsample_bytree": 0.9212698272424307,
  "reg_lambda": 0.26504311287329835,
  "reg_alpha": 0.0713225995259378,
  "gamma": 0.05660281026682282
}