{
  "n_folds": 12,
  "wmape_overall": {
    "mean": 33.57327698318689,
    "std": 6.323094928252348
  },
  "wmape_weighted": 32.976787542360334,
  "wmape_peak_11_12": {
    "mean": 28.67990882856618,
    "std": 2.521454970054535
  },
  "wmape_dec": {
    "mean": 30.462846736348265,
    "std": 0.0
  },
  "bad_rate_wmape_ge_40": 0.08333333333333333
}