{
  "n_folds": 12,
  "wmape_overall": {
    "mean": 32.44563439033458,
    "std": 6.0470997064732055
  },
  "wmape_weighted": 32.045109629718425,
  "wmape_peak_11_12": {
    "mean": 27.663569609909565,
    "std": 1.7259444075804549
  },
  "wmape_dec": {
    "mean": 28.883996604460705,
    "std": 0.0
  },
  "bad_rate_wmape_ge_40": 0.08333333333333333
}