{
  "roll_mode": "expanding",
  "roll_window_months": 24,
  "roll_min_train_periods": 22,
  "roll_gap": 0,
  "n_folds": 12,
  "wmape_mean": 33.57327698318688,
  "wmape_std": 6.053902489225416,
  "wmape_dec_mean": 30.462846736348265,
  "wmape_dec_std": 0.0,
  "wmape_peak_mean": 28.67990882856618,
  "wmape_peak_std": 1.7829379077820846,
  "optimal_trees": 1550
}