{
  "roll_mode": "expanding",
  "roll_window_months": 24,
  "roll_min_train_periods": 22,
  "roll_gap": 0,
  "n_folds": 12,
  "wmape_mean": 32.44563439033458,
  "wmape_std": 5.789657182282842,
  "wmape_dec_mean": 28.883996604460705,
  "wmape_dec_std": 0.0,
  "wmape_peak_mean": 27.663569609909565,
  "wmape_peak_std": 1.2204269945511381,
  "optimal_trees": 2900
}