{
  "score": 33.77105403729888,
  "score_components": {
    "wmape_weighted": 32.045109629718425,
    "peak_std_11_12": 1.7259444075804549,
    "dec_mean": 28.883996604460705
  },
  "tradeoff_lambda": 1.0
}