{
  "objective": "reg:absoluteerror",
  "eval_metric": "mae",
  "random_state": 42,
  "n_jobs": -1,
  "tree_method": "hist",
  "learning_rate": 0.06751295312066213,
  "n_estimators": 2900,
  "max_depth": 4,
  "min_child_weight": 9,
  "subsample": 0.840382258268001,
  "colsample_bytree": 0.6889105511176036,
  "reg_lambda": 0.011209480095630431,
  "reg_alpha": 0.4310689589928965,
  "gamma": 2.5503387715276156
}