{
  "objective": "reg:absoluteerror",
  "eval_metric": "mae",
  "random_state": 42,
  "n_jobs": -1,
  "tree_method": "hist",
  "learning_rate": 0.10928740883976465,
  "n_estimators": 1550,
  "max_depth": 4,
  "min_child_weight": 3,
  "subsample": 0.8945172351954431,
  "colsample_bytree": 0.9893716564113967,
  "reg_lambda": 0.5100160035501315,
  "reg_alpha": 0.4018124231612267,
  "gamma": 0.05207521051730657
}