{
  "n_folds": 12,
  "wmape_overall": {
    "mean": 33.073251761158886,
    "std": 6.1274922162584184
  },
  "wmape_weighted": 32.89762729743823,
  "wmape_peak_11_12": {
    "mean": 29.36157862659021,
    "std": 0.9806008524902887
  },
  "wmape_dec": {
    "mean": 30.0549681390234,
    "std": 0.0
  },
  "bad_rate_wmape_ge_40": 0.08333333333333333
}