{
  "roll_mode": "expanding",
  "roll_window_months": 24,
  "roll_min_train_periods": 22,
  "roll_gap": 0,
  "n_folds": 12,
  "wmape_mean": 33.07325176115888,
  "wmape_std": 5.866627150411771,
  "wmape_dec_mean": 30.0549681390234,
  "wmape_dec_std": 0.0,
  "wmape_peak_mean": 29.36157862659021,
  "wmape_peak_std": 0.6933895124331926,
  "optimal_trees": 2900
}