{
  "objective": "reg:absoluteerror",
  "eval_metric": "mae",
  "random_state": 42,
  "n_jobs": -1,
  "tree_method": "hist",
  "learning_rate": 0.055693588629630926,
  "n_estimators": 2900,
  "max_depth": 6,
  "min_child_weight": 1,
  "subsample": 0.8473618892969133,
  "colsample_bytree": 0.6728361413762393,
  "reg_lambda": 0.10635661173104581,
  "reg_alpha": 0.06785761525033378,
  "gamma": 1.7284496310604036
}