{
  "n_folds": 21,
  "wmape_overall": {
    "mean": 32.74576196357907,
    "std": 7.761073204666007
  },
  "wmape_weighted": 31.939290959216912,
  "wmape_base_overall": {
    "mean": NaN,
    "std": NaN
  },
  "wmape_base_weighted": NaN,
  "wmape_gain_overall": {
    "mean": NaN,
    "std": NaN
  },
  "wmape_gain_weighted": NaN,
  "wmape_peak_11_12": {
    "mean": 33.89485120366638,
    "std": 1.323534499033702
  },
  "wmape_gain_peak_11_12": {
    "mean": NaN,
    "std": NaN
  },
  "wmape_nov": {
    "mean": 34.83073142306745,
    "std": 0.0
  },
  "wmape_dec": {
    "mean": 32.95897098426531,
    "std": 0.0
  },
  "gain_positive_rate": 0.0,
  "bad_rate_wmape_ge_40": 0.09523809523809523,
  "corr_log_mean_abs": {
    "mean": NaN,
    "std": NaN
  },
  "phase3_score": 43.805814428468196,
  "phase3_score_components": {
    "wmape_weighted": 31.939290959216912,
    "peak_std_11_12": 1.323534499033702,
    "dec_mean": 32.95897098426531
  },
  "phase3_score_coeff": {
    "peak_std_coef": 0.25,
    "dec_mean_coef": 0.35
  }
}