{
  "roll_mode": "expanding",
  "roll_window_months": 24,
  "roll_min_train_periods": 12,
  "roll_gap": 1,
  "n_folds": 21,
  "wmape_mean": 32.74576196357908,
  "wmape_std": 7.574031906592462,
  "wmape_dec_mean": 32.95897098426531,
  "wmape_dec_std": 0.0,
  "wmape_peak_mean": 33.89485120366638,
  "wmape_peak_std": 0.9358802194010707
}