{
  "n_folds": 12,
  "wmape_overall": {
    "mean": 33.31165245496783,
    "std": 5.282561900085672
  },
  "wmape_weighted": 32.89884868758873,
  "wmape_peak_11_12": {
    "mean": 28.062425273792577,
    "std": 1.823702922513496
  },
  "wmape_dec": {
    "mean": 29.351977977171593,
    "std": 0.0
  },
  "bad_rate_wmape_ge_40": 0.16666666666666666
}