{
  "n_folds": 12,
  "wmape_overall": {
    "mean": 32.47803455268537,
    "std": 5.719969372984837
  },
  "wmape_weighted": 31.979364377598927,
  "wmape_peak_11_12": {
    "mean": 27.198442670189124,
    "std": 1.025395996439959
  },
  "wmape_dec": {
    "mean": 27.923507132673357,
    "std": 0.0
  },
  "bad_rate_wmape_ge_40": 0.08333333333333333
}