{
  "score": 34.72255161010223,
  "score_components": {
    "wmape_weighted": 32.89884868758873,
    "peak_std_11_12": 1.823702922513496,
    "dec_mean": 29.351977977171593
  },
  "tradeoff_lambda": 1.0
}