{
  "objective": "reg:absoluteerror",
  "eval_metric": "mae",
  "random_state": 42,
  "n_jobs": -1,
  "tree_method": "hist",
  "learning_rate": 0.017817249711277818,
  "n_estimators": 1150,
  "max_depth": 3,
  "min_child_weight": 6,
  "subsample": 0.7134461567410124,
  "colsample_bytree": 0.7492018507523477,
  "reg_lambda": 0.0829468527944066,
  "reg_alpha": 1.1757359266595915,
  "gamma": 1.4314066829736243
}