{
  "objective": "reg:absoluteerror",
  "eval_metric": "mae",
  "random_state": 42,
  "n_jobs": -1,
  "tree_method": "hist",
  "learning_rate": 0.14601669999689182,
  "n_estimators": 2900,
  "max_depth": 4,
  "min_child_weight": 13,
  "subsample": 0.766985095746185,
  "colsample_bytree": 0.6003693129318426,
  "reg_lambda": 0.0369868936000199,
  "reg_alpha": 0.613423164514836,
  "gamma": 2.9367121021453535
}