{
  "n_folds": 12,
  "wmape_overall": {
    "mean": 32.18149433657812,
    "std": 5.878265918273994
  },
  "wmape_weighted": 31.818920184330896,
  "wmape_peak_11_12": {
    "mean": 27.422458607213812,
    "std": 2.7671670515353437
  },
  "wmape_dec": {
    "mean": 29.37914119403044,
    "std": 0.0
  },
  "bad_rate_wmape_ge_40": 0.08333333333333333
}