{
  "roll_mode": "expanding",
  "roll_window_months": 24,
  "roll_min_train_periods": 22,
  "roll_gap": 0,
  "n_folds": 12,
  "wmape_mean": 32.18149433657812,
  "wmape_std": 5.628011136755725,
  "wmape_dec_mean": 29.37914119403044,
  "wmape_dec_std": 0.0,
  "wmape_peak_mean": 27.422458607213812,
  "wmape_peak_std": 1.9566825868166262,
  "optimal_trees": 2900
}