{
  "objective": "reg:absoluteerror",
  "eval_metric": "mae",
  "random_state": 42,
  "n_jobs": -1,
  "tree_method": "hist",
  "learning_rate": 0.06670965415969039,
  "n_estimators": 2900,
  "max_depth": 4,
  "min_child_weight": 8,
  "subsample": 0.7233137596310673,
  "colsample_bytree": 0.8585288400421404,
  "reg_lambda": 0.022170908900395785,
  "reg_alpha": 1.7889963740207073,
  "gamma": 1.9114228213901172
}