{
  "n_folds": 12,
  "wmape_overall": {
    "mean": 32.6931715790896,
    "std": 6.321722079855366
  },
  "wmape_weighted": 32.39458895667791,
  "wmape_peak_11_12": {
    "mean": 28.349800961479104,
    "std": 0.7974560437853517
  },
  "wmape_dec": {
    "mean": 28.91368753773792,
    "std": 0.0
  },
  "bad_rate_wmape_ge_40": 0.16666666666666666
}