{
  "n_folds": 12,
  "wmape_overall": {
    "mean": 32.7822277690912,
    "std": 5.472739189862205
  },
  "wmape_weighted": 32.28295002723416,
  "wmape_peak_11_12": {
    "mean": 29.036165632173706,
    "std": 0.9089389677853379
  },
  "wmape_dec": {
    "mean": 29.67888253997942,
    "std": 0.0
  },
  "bad_rate_wmape_ge_40": 0.08333333333333333
}