{
  "roll_mode": "expanding",
  "roll_window_months": 24,
  "roll_min_train_periods": 22,
  "roll_gap": 0,
  "n_folds": 12,
  "wmape_mean": 32.7822277690912,
  "wmape_std": 5.239748854054535,
  "wmape_dec_mean": 29.67888253997942,
  "wmape_dec_std": 0.0,
  "wmape_peak_mean": 29.036165632173706,
  "wmape_peak_std": 0.6427169078057133,
  "optimal_trees": 1650
}