{
  "roll_mode": "expanding",
  "roll_window_months": 24,
  "roll_min_train_periods": 22,
  "roll_gap": 0,
  "n_folds": 12,
  "wmape_mean": 32.6931715790896,
  "wmape_std": 6.052588086955306,
  "wmape_dec_mean": 28.91368753773792,
  "wmape_dec_std": 0.0,
  "wmape_peak_mean": 28.349800961479104,
  "wmape_peak_std": 0.5638865762588186,
  "optimal_trees": 2900
}