{
  "score": 33.19204500046326,
  "score_components": {
    "wmape_weighted": 32.39458895667791,
    "peak_std_11_12": 0.7974560437853517,
    "dec_mean": 28.91368753773792
  },
  "tradeoff_lambda": 1.0
}