{
  "objective": "reg:absoluteerror",
  "eval_metric": "mae",
  "random_state": 42,
  "n_jobs": -1,
  "tree_method": "hist",
  "learning_rate": 0.1016345001336413,
  "n_estimators": 2900,
  "max_depth": 3,
  "min_child_weight": 7,
  "subsample": 0.9477965486951024,
  "colsample_bytree": 0.8238131282168256,
  "reg_lambda": 0.015309469142743868,
  "reg_alpha": 0.00012586652350685365,
  "gamma": 1.8413707636544239
}