{
  "n_folds": 12,
  "wmape_overall": {
    "mean": 32.62447362148784,
    "std": 5.87550067894678
  },
  "wmape_weighted": 32.335751109361745,
  "wmape_peak_11_12": {
    "mean": 28.48114484698234,
    "std": 1.227045435520385
  },
  "wmape_dec": {
    "mean": 29.348796995262806,
    "std": 0.0
  },
  "bad_rate_wmape_ge_40": 0.08333333333333333
}