{
  "roll_mode": "expanding",
  "roll_window_months": 24,
  "roll_min_train_periods": 22,
  "roll_gap": 0,
  "n_folds": 12,
  "wmape_mean": 32.624473621487844,
  "wmape_std": 5.625363621664416,
  "wmape_dec_mean": 29.348796995262806,
  "wmape_dec_std": 0.0,
  "wmape_peak_mean": 28.48114484698234,
  "wmape_peak_std": 0.8676521482804649,
  "optimal_trees": 2900
}