{
  "n_folds": 12,
  "wmape_overall": {
    "mean": 33.14196903105351,
    "std": 5.684728252173782
  },
  "wmape_weighted": 32.90064551422165,
  "wmape_peak_11_12": {
    "mean": 29.13767654823206,
    "std": 2.3285542978055886
  },
  "wmape_dec": {
    "mean": 30.784213082571473,
    "std": 0.0
  },
  "bad_rate_wmape_ge_40": 0.08333333333333333
}