{
  "roll_mode": "expanding",
  "roll_window_months": 24,
  "roll_min_train_periods": 22,
  "roll_gap": 0,
  "n_folds": 12,
  "wmape_mean": 33.14196903105351,
  "wmape_std": 5.442712928859487,
  "wmape_dec_mean": 30.784213082571473,
  "wmape_dec_std": 0.0,
  "wmape_peak_mean": 29.13767654823206,
  "wmape_peak_std": 1.6465365343394112,
  "optimal_trees": 2900
}