{
  "score": 35.22919981202724,
  "score_components": {
    "wmape_weighted": 32.90064551422165,
    "peak_std_11_12": 2.3285542978055886,
    "dec_mean": 30.784213082571473
  },
  "tradeoff_lambda": 1.0
}