{
  "n_folds": 12,
  "wmape_overall": {
    "mean": 33.07109115479042,
    "std": 6.337405423434545
  },
  "wmape_weighted": 32.71660007842186,
  "wmape_base_overall": {
    "mean": NaN,
    "std": NaN
  },
  "wmape_base_weighted": NaN,
  "wmape_gain_overall": {
    "mean": NaN,
    "std": NaN
  },
  "wmape_gain_weighted": NaN,
  "wmape_peak_11_12": {
    "mean": 28.368579223701346,
    "std": 0.047684498979905406
  },
  "wmape_gain_peak_11_12": {
    "mean": NaN,
    "std": NaN
  },
  "wmape_nov": {
    "mean": 28.334861191115174,
    "std": 0.0
  },
  "wmape_dec": {
    "mean": 28.40229725628752,
    "std": 0.0
  },
  "gain_positive_rate": 0.0,
  "bad_rate_wmape_ge_40": 0.08333333333333333,
  "corr_log_mean_abs": {
    "mean": NaN,
    "std": NaN
  },
  "phase3_score": 42.66932524286747,
  "phase3_score_components": {
    "wmape_weighted": 32.71660007842186,
    "peak_std_11_12": 0.047684498979905406,
    "dec_mean": 28.40229725628752
  },
  "phase3_score_coeff": {
    "peak_std_coef": 0.25,
    "dec_mean_coef": 0.35
  }
}