{
  "n_folds": 12,
  "wmape_overall": {
    "mean": 33.490800728626425,
    "std": 4.915554456706328
  },
  "wmape_weighted": 33.1454950118801,
  "wmape_peak_11_12": {
    "mean": 30.92410459218013,
    "std": 2.0209665492545987
  },
  "wmape_dec": {
    "mean": 32.35314374370923,
    "std": 0.0
  },
  "bad_rate_wmape_ge_40": 0.08333333333333333
}