{
  "roll_mode": "expanding",
  "roll_window_months": 24,
  "roll_min_train_periods": 22,
  "roll_gap": 0,
  "n_folds": 12,
  "wmape_mean": 33.49080072862643,
  "wmape_std": 4.706285086503118,
  "wmape_dec_mean": 32.35314374370923,
  "wmape_dec_std": 0.0,
  "wmape_peak_mean": 30.92410459218013,
  "wmape_peak_std": 1.4290391515291034,
  "optimal_trees": 2900
}