{
  "objective": "reg:absoluteerror",
  "eval_metric": "mae",
  "random_state": 42,
  "n_jobs": -1,
  "tree_method": "hist",
  "learning_rate": 0.13471956170447796,
  "n_estimators": 2900,
  "max_depth": 5,
  "min_child_weight": 4,
  "subsample": 0.9773375140841389,
  "colsample_bytree": 0.684142279770126,
  "reg_lambda": 0.3405298731150915,
  "reg_alpha": 0.09874098820859908,
  "gamma": 1.8323331250567345
}