{
  "n_folds": 12,
  "wmape_overall": {
    "mean": 32.35242286160358,
    "std": 5.325709998776166
  },
  "wmape_weighted": 31.855454078565753,
  "wmape_peak_11_12": {
    "mean": 27.521418459957484,
    "std": 1.9715369248719055
  },
  "wmape_dec": {
    "mean": 28.91550558889408,
    "std": 0.0
  },
  "bad_rate_wmape_ge_40": 0.08333333333333333
}