{
  "n_folds": 12,
  "wmape_overall": {
    "mean": 34.15634157529464,
    "std": 6.5418107011436515
  },
  "wmape_weighted": 33.918557134305324,
  "wmape_peak_11_12": {
    "mean": 29.933440952067976,
    "std": 2.3878548554647385
  },
  "wmape_dec": {
    "mean": 31.621909312856317,
    "std": 0.0
  },
  "bad_rate_wmape_ge_40": 0.08333333333333333
}