{
  "roll_mode": "expanding",
  "roll_window_months": 24,
  "roll_min_train_periods": 22,
  "roll_gap": 0,
  "n_folds": 12,
  "wmape_mean": 34.15634157529464,
  "wmape_std": 6.263306899085428,
  "wmape_dec_mean": 31.621909312856317,
  "wmape_dec_std": 0.0,
  "wmape_peak_mean": 29.933440952067976,
  "wmape_peak_std": 1.68846836078834,
  "optimal_trees": 2900
}