{
  "score": 36.30641198977006,
  "score_components": {
    "wmape_weighted": 33.918557134305324,
    "peak_std_11_12": 2.3878548554647385,
    "dec_mean": 31.621909312856317
  },
  "tradeoff_lambda": 1.0
}