{
  "n_folds": 21,
  "wmape_overall": {
    "mean": 32.12476815507828,
    "std": 7.1509419801870875
  },
  "wmape_weighted": 31.42908398912127,
  "wmape_base_overall": {
    "mean": NaN,
    "std": NaN
  },
  "wmape_base_weighted": NaN,
  "wmape_gain_overall": {
    "mean": NaN,
    "std": NaN
  },
  "wmape_gain_weighted": NaN,
  "wmape_peak_11_12": {
    "mean": 33.855292679132205,
    "std": 0.9778710470422608
  },
  "wmape_gain_peak_11_12": {
    "mean": NaN,
    "std": NaN
  },
  "wmape_nov": {
    "mean": 34.54675192762178,
    "std": 0.0
  },
  "wmape_dec": {
    "mean": 33.16383343064263,
    "std": 0.0
  },
  "gain_positive_rate": 0.0,
  "bad_rate_wmape_ge_40": 0.09523809523809523,
  "corr_log_mean_abs": {
    "mean": NaN,
    "std": NaN
  },
  "phase3_score": 43.28089345160676,
  "phase3_score_components": {
    "wmape_weighted": 31.42908398912127,
    "peak_std_11_12": 0.9778710470422608,
    "dec_mean": 33.16383343064263
  },
  "phase3_score_coeff": {
    "peak_std_coef": 0.25,
    "dec_mean_coef": 0.35
  }
}