{
  "n_folds": 21,
  "wmape_overall": {
    "mean": 32.09105290130315,
    "std": 7.088474954230416
  },
  "wmape_weighted": 31.398451067109296,
  "wmape_base_overall": {
    "mean": NaN,
    "std": NaN
  },
  "wmape_base_weighted": NaN,
  "wmape_gain_overall": {
    "mean": NaN,
    "std": NaN
  },
  "wmape_gain_weighted": NaN,
  "wmape_peak_11_12": {
    "mean": 33.78740341680617,
    "std": 1.0948013141723267
  },
  "wmape_gain_peak_11_12": {
    "mean": NaN,
    "std": NaN
  },
  "wmape_nov": {
    "mean": 34.56154485010937,
    "std": 0.0
  },
  "wmape_dec": {
    "mean": 33.01326198350298,
    "std": 0.0
  },
  "gain_positive_rate": 0.0,
  "bad_rate_wmape_ge_40": 0.09523809523809523,
  "corr_log_mean_abs": {
    "mean": NaN,
    "std": NaN
  },
  "phase3_score": 43.22679308987842,
  "phase3_score_components": {
    "wmape_weighted": 31.398451067109296,
    "peak_std_11_12": 1.0948013141723267,
    "dec_mean": 33.01326198350298
  },
  "phase3_score_coeff": {
    "peak_std_coef": 0.25,
    "dec_mean_coef": 0.35
  }
}