{
  "roll_mode": "expanding",
  "roll_window_months": 24,
  "roll_min_train_periods": 12,
  "roll_gap": 1,
  "n_folds": 21,
  "wmape_mean": 32.09105290130316,
  "wmape_std": 6.917643224927313,
  "wmape_dec_mean": 33.01326198350298,
  "wmape_dec_std": 0.0,
  "wmape_peak_mean": 33.78740341680617,
  "wmape_peak_std": 0.7741414333031962
}