{
  "n_folds": 12,
  "wmape_overall": {
    "mean": 32.61386686331309,
    "std": 5.980112029208048
  },
  "wmape_weighted": 32.12334069599146,
  "wmape_peak_11_12": {
    "mean": 28.111050314231928,
    "std": 0.6861403669333833
  },
  "wmape_dec": {
    "mean": 28.59622482053635,
    "std": 0.0
  },
  "bad_rate_wmape_ge_40": 0.08333333333333333
}