{
  "roll_mode": "expanding",
  "roll_window_months": 24,
  "roll_min_train_periods": 22,
  "roll_gap": 0,
  "n_folds": 12,
  "wmape_mean": 32.6138668633131,
  "wmape_std": 5.725521364183547,
  "wmape_dec_mean": 28.59622482053635,
  "wmape_dec_std": 0.0,
  "wmape_peak_mean": 28.111050314231928,
  "wmape_peak_std": 0.48517450630442127,
  "optimal_trees": 2900
}