{
  "objective": "reg:absoluteerror",
  "eval_metric": "mae",
  "random_state": 42,
  "n_jobs": -1,
  "tree_method": "hist",
  "learning_rate": 0.09572627944327819,
  "n_estimators": 2900,
  "max_depth": 4,
  "min_child_weight": 7,
  "subsample": 0.9186553444030232,
  "colsample_bytree": 0.6419612350374977,
  "reg_lambda": 2.0499230826110324,
  "reg_alpha": 1.3676862830698278,
  "gamma": 1.4276560377740923
}