{
  "n_folds": 12,
  "wmape_overall": {
    "mean": 33.177777584249384,
    "std": 5.889357864340783
  },
  "wmape_weighted": 32.52337279376447,
  "wmape_peak_11_12": {
    "mean": 27.690629512097992,
    "std": 2.5032234212306643
  },
  "wmape_dec": {
    "mean": 29.460675768075184,
    "std": 0.0
  },
  "bad_rate_wmape_ge_40": 0.08333333333333333
}