{
  "n_folds": 12,
  "wmape_overall": {
    "mean": 33.67736185210733,
    "std": 4.949562201316703
  },
  "wmape_weighted": 33.32696400085789,
  "wmape_peak_11_12": {
    "mean": 30.02027588686239,
    "std": 2.657533111294931
  },
  "wmape_dec": {
    "mean": 31.89943557108682,
    "std": 0.0
  },
  "bad_rate_wmape_ge_40": 0.08333333333333333
}