{
  "score": 35.02659621499514,
  "score_components": {
    "wmape_weighted": 32.52337279376447,
    "peak_std_11_12": 2.5032234212306643,
    "dec_mean": 29.460675768075184
  },
  "tradeoff_lambda": 1.0
}