{
  "objective": "reg:absoluteerror",
  "eval_metric": "mae",
  "random_state": 42,
  "n_jobs": -1,
  "tree_method": "hist",
  "learning_rate": 0.1179417096531268,
  "n_estimators": 2900,
  "max_depth": 4,
  "min_child_weight": 6,
  "subsample": 0.6174363910548218,
  "colsample_bytree": 0.7274802221445147,
  "reg_lambda": 1.2052872208241705,
  "reg_alpha": 0.0002264867437313048,
  "gamma": 1.8427493395728403
}