{
  "n_folds": 12,
  "wmape_overall": {
    "mean": 32.940272992997464,
    "std": 6.2841797295905675
  },
  "wmape_weighted": 32.45673367581674,
  "wmape_peak_11_12": {
    "mean": 28.069158716458812,
    "std": 1.5502507419865934
  },
  "wmape_dec": {
    "mean": 29.16535152865701,
    "std": 0.0
  },
  "bad_rate_wmape_ge_40": 0.08333333333333333
}