{
  "n_folds": 12,
  "wmape_overall": {
    "mean": 32.52196877259496,
    "std": 4.878559358531374
  },
  "wmape_weighted": 32.173939908149215,
  "wmape_peak_11_12": {
    "mean": 28.086218328199273,
    "std": 1.9564482897281479
  },
  "wmape_dec": {
    "mean": 29.46963618090687,
    "std": 0.0
  },
  "bad_rate_wmape_ge_40": 0.16666666666666666
}