{
  "roll_mode": "expanding",
  "roll_window_months": 24,
  "roll_min_train_periods": 22,
  "roll_gap": 0,
  "n_folds": 12,
  "wmape_mean": 32.94027299299746,
  "wmape_std": 6.016644023122903,
  "wmape_dec_mean": 29.16535152865701,
  "wmape_dec_std": 0.0,
  "wmape_peak_mean": 28.069158716458812,
  "wmape_peak_std": 1.096192812198197,
  "optimal_trees": 1550
}