{
  "score": 34.00698441780334,
  "score_components": {
    "wmape_weighted": 32.45673367581674,
    "peak_std_11_12": 1.5502507419865934,
    "dec_mean": 29.16535152865701
  },
  "tradeoff_lambda": 1.0
}