{
  "score": 34.130388197877366,
  "score_components": {
    "wmape_weighted": 32.173939908149215,
    "peak_std_11_12": 1.9564482897281479,
    "dec_mean": 29.46963618090687
  },
  "tradeoff_lambda": 1.0
}