{
  "objective": "reg:absoluteerror",
  "eval_metric": "mae",
  "random_state": 42,
  "n_jobs": -1,
  "tree_method": "hist",
  "learning_rate": 0.08160779136961913,
  "n_estimators": 1550,
  "max_depth": 3,
  "min_child_weight": 4,
  "subsample": 0.7741686384095295,
  "colsample_bytree": 0.9837457081875692,
  "reg_lambda": 0.09179089785895572,
  "reg_alpha": 0.00735035793247033,
  "gamma": 0.4110064076568969
}