{
  "n_folds": 12,
  "wmape_overall": {
    "mean": 33.350515543020045,
    "std": 5.295114211422553
  },
  "wmape_weighted": 33.260665969219154,
  "wmape_peak_11_12": {
    "mean": 30.107942368459188,
    "std": 1.92303799835368
  },
  "wmape_dec": {
    "mean": 31.46773557757448,
    "std": 0.0
  },
  "bad_rate_wmape_ge_40": 0.08333333333333333
}