{
  "roll_mode": "expanding",
  "roll_window_months": 24,
  "roll_min_train_periods": 22,
  "roll_gap": 0,
  "n_folds": 12,
  "wmape_mean": 33.350515543020045,
  "wmape_std": 5.069685884681778,
  "wmape_dec_mean": 31.46773557757448,
  "wmape_dec_std": 0.0,
  "wmape_peak_mean": 30.107942368459188,
  "wmape_peak_std": 1.359793209115292,
  "optimal_trees": 2900
}