{
  "objective": "reg:absoluteerror",
  "eval_metric": "mae",
  "random_state": 42,
  "n_jobs": -1,
  "tree_method": "hist",
  "learning_rate": 0.10415209171087161,
  "n_estimators": 2900,
  "max_depth": 7,
  "min_child_weight": 5,
  "subsample": 0.6325532735290696,
  "colsample_bytree": 0.8466923623340723,
  "reg_lambda": 0.044562852607297844,
  "reg_alpha": 0.009031557479211375,
  "gamma": 0.5378210072225829
}