{
  "n_folds": 12,
  "wmape_overall": {
    "mean": 32.926434954401756,
    "std": 4.862264572852979
  },
  "wmape_weighted": 32.83359771975688,
  "wmape_peak_11_12": {
    "mean": 30.531743569124544,
    "std": 1.688991113328731
  },
  "wmape_dec": {
    "mean": 31.726040638723106,
    "std": 0.0
  },
  "bad_rate_wmape_ge_40": 0.08333333333333333
}