{
  "roll_mode": "expanding",
  "roll_window_months": 24,
  "roll_min_train_periods": 22,
  "roll_gap": 0,
  "n_folds": 12,
  "wmape_mean": 32.926434954401756,
  "wmape_std": 4.655263907132734,
  "wmape_dec_mean": 31.726040638723106,
  "wmape_dec_std": 0.0,
  "wmape_peak_mean": 30.531743569124544,
  "wmape_peak_std": 1.1942970695985622,
  "optimal_trees": 2900
}