{
  "objective": "reg:absoluteerror",
  "eval_metric": "mae",
  "random_state": 42,
  "n_jobs": -1,
  "tree_method": "hist",
  "learning_rate": 0.05658022556539351,
  "n_estimators": 2900,
  "max_depth": 8,
  "min_child_weight": 14,
  "subsample": 0.6679135369973599,
  "colsample_bytree": 0.8584708313528506,
  "reg_lambda": 1.5118312194523238,
  "reg_alpha": 3.248560654319185,
  "gamma": 0.6707799086832211
}