{
  "n_folds": 12,
  "wmape_overall": {
    "mean": 32.59458038969477,
    "std": 5.515256744452377
  },
  "wmape_weighted": 32.31761462320491,
  "wmape_peak_11_12": {
    "mean": 28.875262424589607,
    "std": 1.809179826973472
  },
  "wmape_dec": {
    "mean": 30.154545748628454,
    "std": 0.0
  },
  "bad_rate_wmape_ge_40": 0.08333333333333333
}