{
  "roll_mode": "expanding",
  "roll_window_months": 24,
  "roll_min_train_periods": 22,
  "roll_gap": 0,
  "n_folds": 12,
  "wmape_mean": 32.59458038969476,
  "wmape_std": 5.2804563133746765,
  "wmape_dec_mean": 30.154545748628454,
  "wmape_dec_std": 0.0,
  "wmape_peak_mean": 28.875262424589607,
  "wmape_peak_std": 1.2792833240388468,
  "optimal_trees": 2900
}