{
  "n_folds": 12,
  "wmape_overall": {
    "mean": 33.32269873800528,
    "std": 5.733622385339286
  },
  "wmape_weighted": 32.8705106854282,
  "wmape_peak_11_12": {
    "mean": 29.241411408281117,
    "std": 1.3655757502048318
  },
  "wmape_dec": {
    "mean": 30.20701928147486,
    "std": 0.0
  },
  "bad_rate_wmape_ge_40": 0.08333333333333333
}