{
  "n_folds": 12,
  "wmape_overall": {
    "mean": 33.634410925013015,
    "std": 5.329149639335762
  },
  "wmape_weighted": 33.270215056996776,
  "wmape_peak_11_12": {
    "mean": 29.272755750706594,
    "std": 1.9003881493895012
  },
  "wmape_dec": {
    "mean": 30.616533098026462,
    "std": 0.0
  },
  "bad_rate_wmape_ge_40": 0.08333333333333333
}