{
  "roll_mode": "expanding",
  "roll_window_months": 24,
  "roll_min_train_periods": 22,
  "roll_gap": 0,
  "n_folds": 12,
  "wmape_mean": 33.32269873800528,
  "wmape_std": 5.489525497362389,
  "wmape_dec_mean": 30.20701928147486,
  "wmape_dec_std": 0.0,
  "wmape_peak_mean": 29.241411408281117,
  "wmape_peak_std": 0.9656078731937434,
  "optimal_trees": 2900
}