{
  "score": 34.236086435633034,
  "score_components": {
    "wmape_weighted": 32.8705106854282,
    "peak_std_11_12": 1.3655757502048318,
    "dec_mean": 30.20701928147486
  },
  "tradeoff_lambda": 1.0
}