{
  "objective": "reg:absoluteerror",
  "eval_metric": "mae",
  "random_state": 42,
  "n_jobs": -1,
  "tree_method": "hist",
  "learning_rate": 0.0820194497355106,
  "n_estimators": 550,
  "max_depth": 6,
  "min_child_weight": 2,
  "subsample": 0.8033810337018948,
  "colsample_bytree": 0.9782477694914901,
  "reg_lambda": 0.010353272404691798,
  "reg_alpha": 0.000504050932522419,
  "gamma": 1.59920525220853
}