{
  "n_folds": 12,
  "wmape_overall": {
    "mean": 33.2874837635513,
    "std": 5.452784967881963
  },
  "wmape_weighted": 32.934155738239916,
  "wmape_peak_11_12": {
    "mean": 29.64372772045565,
    "std": 2.3820131795650576
  },
  "wmape_dec": {
    "mean": 31.328065392601832,
    "std": 0.0
  },
  "bad_rate_wmape_ge_40": 0.08333333333333333
}