{
  "roll_mode": "expanding",
  "roll_window_months": 24,
  "roll_min_train_periods": 22,
  "roll_gap": 0,
  "n_folds": 12,
  "wmape_mean": 33.28748376355131,
  "wmape_std": 5.220644141016466,
  "wmape_dec_mean": 31.328065392601832,
  "wmape_dec_std": 0.0,
  "wmape_peak_mean": 29.64372772045565,
  "wmape_peak_std": 1.6843376721461816,
  "optimal_trees": 2900
}