{
  "n_folds": 12,
  "wmape_overall": {
    "mean": 33.690410543999974,
    "std": 5.22012127794124
  },
  "wmape_weighted": 33.656982157434264,
  "wmape_peak_11_12": {
    "mean": 31.516248435591642,
    "std": 1.9206059832872988
  },
  "wmape_dec": {
    "mean": 32.87432195036155,
    "std": 0.0
  },
  "bad_rate_wmape_ge_40": 0.08333333333333333
}