{
  "n_folds": 12,
  "wmape_overall": {
    "mean": 32.84020040206194,
    "std": 4.909741391572085
  },
  "wmape_weighted": 32.5341810621274,
  "wmape_peak_11_12": {
    "mean": 28.629378951402387,
    "std": 0.6249502407570046
  },
  "wmape_dec": {
    "mean": 29.07128550454583,
    "std": 0.0
  },
  "bad_rate_wmape_ge_40": 0.08333333333333333
}