{
  "roll_mode": "expanding",
  "roll_window_months": 24,
  "roll_min_train_periods": 22,
  "roll_gap": 0,
  "n_folds": 12,
  "wmape_mean": 33.690410543999974,
  "wmape_std": 4.997885617276601,
  "wmape_dec_mean": 32.87432195036155,
  "wmape_dec_std": 0.0,
  "wmape_peak_mean": 31.516248435591642,
  "wmape_peak_std": 1.358073514769906,
  "optimal_trees": 900
}