{
  "roll_mode": "expanding",
  "roll_window_months": 24,
  "roll_min_train_periods": 22,
  "roll_gap": 0,
  "n_folds": 12,
  "wmape_mean": 32.84020040206194,
  "wmape_std": 4.70071950036444,
  "wmape_dec_mean": 29.07128550454583,
  "wmape_dec_std": 0.0,
  "wmape_peak_mean": 28.629378951402387,
  "wmape_peak_std": 0.4419065531434434,
  "optimal_trees": 2900
}