{
  "score": 33.159131302884404,
  "score_components": {
    "wmape_weighted": 32.5341810621274,
    "peak_std_11_12": 0.6249502407570046,
    "dec_mean": 29.07128550454583
  },
  "tradeoff_lambda": 1.0
}