{
  "objective": "reg:absoluteerror",
  "eval_metric": "mae",
  "random_state": 42,
  "n_jobs": -1,
  "tree_method": "hist",
  "learning_rate": 0.013126507280289282,
  "n_estimators": 2900,
  "max_depth": 5,
  "min_child_weight": 9,
  "subsample": 0.9582755432719667,
  "colsample_bytree": 0.8130157261919109,
  "reg_lambda": 3.252974177946075,
  "reg_alpha": 0.001666066060853502,
  "gamma": 2.2709141887461746
}