{
  "n_folds": 12,
  "wmape_overall": {
    "mean": 32.54277932441535,
    "std": 5.547285977309608
  },
  "wmape_weighted": 32.24420303961287,
  "wmape_peak_11_12": {
    "mean": 28.391454209224776,
    "std": 1.6406282669286423
  },
  "wmape_dec": {
    "mean": 29.55155358217635,
    "std": 0.0
  },
  "bad_rate_wmape_ge_40": 0.08333333333333333
}