{
  "n_folds": 12,
  "wmape_overall": {
    "mean": 32.877620673252025,
    "std": 4.94984776018194
  },
  "wmape_weighted": 32.85771108008118,
  "wmape_peak_11_12": {
    "mean": 29.449724912092204,
    "std": 2.404152871872437
  },
  "wmape_dec": {
    "mean": 31.149717710802317,
    "std": 0.0
  },
  "bad_rate_wmape_ge_40": 0.08333333333333333
}