{
  "roll_mode": "expanding",
  "roll_window_months": 24,
  "roll_min_train_periods": 22,
  "roll_gap": 0,
  "n_folds": 12,
  "wmape_mean": 32.87762067325202,
  "wmape_std": 4.739118424865183,
  "wmape_dec_mean": 31.149717710802317,
  "wmape_dec_std": 0.0,
  "wmape_peak_mean": 29.449724912092204,
  "wmape_peak_std": 1.699992798710113,
  "optimal_trees": 2900
}