{
  "n_folds": 12,
  "wmape_overall": {
    "mean": 32.69244212584329,
    "std": 4.967649323436863
  },
  "wmape_weighted": 32.432951938645814,
  "wmape_peak_11_12": {
    "mean": 29.51021313447553,
    "std": 0.9207013028340563
  },
  "wmape_dec": {
    "mean": 30.16124726915678,
    "std": 0.0
  },
  "bad_rate_wmape_ge_40": 0.08333333333333333
}