{
  "roll_mode": "expanding",
  "roll_window_months": 24,
  "roll_min_train_periods": 22,
  "roll_gap": 0,
  "n_folds": 12,
  "wmape_mean": 32.69244212584329,
  "wmape_std": 4.756162124085885,
  "wmape_dec_mean": 30.16124726915678,
  "wmape_dec_std": 0.0,
  "wmape_peak_mean": 29.51021313447553,
  "wmape_peak_std": 0.6510341346812503,
  "optimal_trees": 2900
}