{
  "objective": "reg:absoluteerror",
  "eval_metric": "mae",
  "random_state": 42,
  "n_jobs": -1,
  "tree_method": "hist",
  "learning_rate": 0.025021691360040253,
  "n_estimators": 2900,
  "max_depth": 5,
  "min_child_weight": 14,
  "subsample": 0.8215047238873161,
  "colsample_bytree": 0.6862832542184638,
  "reg_lambda": 0.06587842292430902,
  "reg_alpha": 0.14329957269576937,
  "gamma": 2.9421889854073724
}