{
  "n_folds": 12,
  "wmape_overall": {
    "mean": 32.801096014863106,
    "std": 5.919205800324489
  },
  "wmape_weighted": 32.42233109036747,
  "wmape_peak_11_12": {
    "mean": 29.152231663481892,
    "std": 0.8343004391140139
  },
  "wmape_dec": {
    "mean": 29.742171161526326,
    "std": 0.0
  },
  "bad_rate_wmape_ge_40": 0.08333333333333333
}