{
  "roll_mode": "expanding",
  "roll_window_months": 24,
  "roll_min_train_periods": 22,
  "roll_gap": 0,
  "n_folds": 12,
  "wmape_mean": 32.801096014863106,
  "wmape_std": 5.6672080896192165,
  "wmape_dec_mean": 29.742171161526326,
  "wmape_dec_std": 0.0,
  "wmape_peak_mean": 29.152231663481892,
  "wmape_peak_std": 0.5899394980444335,
  "optimal_trees": 2900
}