{
  "objective": "reg:absoluteerror",
  "eval_metric": "mae",
  "random_state": 42,
  "n_jobs": -1,
  "tree_method": "hist",
  "learning_rate": 0.11680167964585364,
  "n_estimators": 2900,
  "max_depth": 4,
  "min_child_weight": 8,
  "subsample": 0.9791758059726329,
  "colsample_bytree": 0.6293913284783946,
  "reg_lambda": 18.2722765979017,
  "reg_alpha": 4.844627932545547,
  "gamma": 2.0254364743766002
}