{
  "n_folds": 12,
  "wmape_overall": {
    "mean": 33.093527410736414,
    "std": 6.3382634052177504
  },
  "wmape_weighted": 32.74298248266099,
  "wmape_base_overall": {
    "mean": NaN,
    "std": NaN
  },
  "wmape_base_weighted": NaN,
  "wmape_gain_overall": {
    "mean": NaN,
    "std": NaN
  },
  "wmape_gain_weighted": NaN,
  "wmape_peak_11_12": {
    "mean": 28.44421268375426,
    "std": 0.13838909927577783
  },
  "wmape_gain_peak_11_12": {
    "mean": NaN,
    "std": NaN
  },
  "wmape_nov": {
    "mean": 28.346356813214058,
    "std": 0.0
  },
  "wmape_dec": {
    "mean": 28.54206855429446,
    "std": 0.0
  },
  "gain_positive_rate": 0.0,
  "bad_rate_wmape_ge_40": 0.08333333333333333,
  "corr_log_mean_abs": {
    "mean": NaN,
    "std": NaN
  },
  "phase3_score": 42.767303751483,
  "phase3_score_components": {
    "wmape_weighted": 32.74298248266099,
    "peak_std_11_12": 0.13838909927577783,
    "dec_mean": 28.54206855429446
  },
  "phase3_score_coeff": {
    "peak_std_coef": 0.25,
    "dec_mean_coef": 0.35
  }
}