{
  "n_folds": 12,
  "wmape_overall": {
    "mean": 33.02582656015712,
    "std": 6.223610850670784
  },
  "wmape_weighted": 32.55013756292049,
  "wmape_peak_11_12": {
    "mean": 28.450108854723446,
    "std": 0.9352492544274198
  },
  "wmape_dec": {
    "mean": 29.111429944628735,
    "std": 0.0
  },
  "bad_rate_wmape_ge_40": 0.08333333333333333
}