{
  "n_folds": 12,
  "wmape_overall": {
    "mean": 32.790146733508145,
    "std": 5.321886786364888
  },
  "wmape_weighted": 32.50622792427358,
  "wmape_peak_11_12": {
    "mean": 28.511943788906787,
    "std": 1.1884483529806769
  },
  "wmape_dec": {
    "mean": 29.352303678389408,
    "std": 0.0
  },
  "bad_rate_wmape_ge_40": 0.08333333333333333
}