{
  "roll_mode": "expanding",
  "roll_window_months": 24,
  "roll_min_train_periods": 22,
  "roll_gap": 0,
  "n_folds": 12,
  "wmape_mean": 32.79014673350815,
  "wmape_std": 5.095318673676006,
  "wmape_dec_mean": 29.352303678389408,
  "wmape_dec_std": 0.0,
  "wmape_peak_mean": 28.511943788906787,
  "wmape_peak_std": 0.8403598894826203,
  "optimal_trees": 400
}