{
  "roll_mode": "expanding",
  "roll_window_months": 24,
  "roll_min_train_periods": 22,
  "roll_gap": 0,
  "n_folds": 12,
  "wmape_mean": 33.02582656015712,
  "wmape_std": 5.958653736558692,
  "wmape_dec_mean": 29.111429944628735,
  "wmape_dec_std": 0.0,
  "wmape_peak_mean": 28.450108854723446,
  "wmape_peak_std": 0.6613210899052913,
  "optimal_trees": 2900
}