{
  "score": 33.69467627725426,
  "score_components": {
    "wmape_weighted": 32.50622792427358,
    "peak_std_11_12": 1.1884483529806769,
    "dec_mean": 29.352303678389408
  },
  "tradeoff_lambda": 1.0
}