{
  "score": 33.48538681734791,
  "score_components": {
    "wmape_weighted": 32.55013756292049,
    "peak_std_11_12": 0.9352492544274198,
    "dec_mean": 29.111429944628735
  },
  "tradeoff_lambda": 1.0
}