{
  "objective": "reg:absoluteerror",
  "eval_metric": "mae",
  "random_state": 42,
  "n_jobs": -1,
  "tree_method": "hist",
  "learning_rate": 0.09553029539619906,
  "n_estimators": 2900,
  "max_depth": 3,
  "min_child_weight": 13,
  "subsample": 0.6636044617205408,
  "colsample_bytree": 0.6637994451084877,
  "reg_lambda": 0.03355743859026336,
  "reg_alpha": 0.004051044519086591,
  "gamma": 2.3375574224066775
}