{
  "objective": "reg:absoluteerror",
  "eval_metric": "mae",
  "random_state": 42,
  "n_jobs": -1,
  "tree_method": "hist",
  "learning_rate": 0.04678173705465392,
  "n_estimators": 400,
  "max_depth": 7,
  "min_child_weight": 3,
  "subsample": 0.6003154703296005,
  "colsample_bytree": 0.8446652586005129,
  "reg_lambda": 7.968253117236491,
  "reg_alpha": 0.7681122507382876,
  "gamma": 1.7876033620809442
}