{
  "n_folds": 12,
  "wmape_overall": {
    "mean": 32.7538953865205,
    "std": 5.277338405171723
  },
  "wmape_weighted": 32.42490318945859,
  "wmape_peak_11_12": {
    "mean": 28.932440517548827,
    "std": 1.6113957005772643
  },
  "wmape_dec": {
    "mean": 30.071869344601858,
    "std": 0.0
  },
  "bad_rate_wmape_ge_40": 0.08333333333333333
}