{
  "n_folds": 12,
  "wmape_overall": {
    "mean": 33.435948556836934,
    "std": 5.594098621149533
  },
  "wmape_weighted": 32.97380183086177,
  "wmape_peak_11_12": {
    "mean": 28.20305930594983,
    "std": 3.1275661078722368
  },
  "wmape_dec": {
    "mean": 30.414582509435505,
    "std": 0.0
  },
  "bad_rate_wmape_ge_40": 0.08333333333333333
}