{
  "score": 34.03629889003585,
  "score_components": {
    "wmape_weighted": 32.42490318945859,
    "peak_std_11_12": 1.6113957005772643,
    "dec_mean": 30.071869344601858
  },
  "tradeoff_lambda": 1.0
}