{
  "objective": "reg:absoluteerror",
  "eval_metric": "mae",
  "random_state": 42,
  "n_jobs": -1,
  "tree_method": "hist",
  "learning_rate": 0.10237604573980237,
  "n_estimators": 1400,
  "max_depth": 6,
  "min_child_weight": 5,
  "subsample": 0.6033704163820448,
  "colsample_bytree": 0.7974944794623995,
  "reg_lambda": 3.3512723880599506,
  "reg_alpha": 0.21315568901516935,
  "gamma": 1.4912561808325575
}