{
  "objective": "reg:absoluteerror",
  "eval_metric": "mae",
  "random_state": 42,
  "n_jobs": -1,
  "tree_method": "hist",
  "learning_rate": 0.015161576544256431,
  "n_estimators": 2900,
  "max_depth": 5,
  "min_child_weight": 10,
  "subsample": 0.6261189447346583,
  "colsample_bytree": 0.7742300097398042,
  "reg_lambda": 0.33967830581848973,
  "reg_alpha": 0.07230983740577827,
  "gamma": 1.8854504188750028
}