{
  "n_folds": 12,
  "wmape_overall": {
    "mean": 33.25552272682082,
    "std": 5.402653855944861
  },
  "wmape_weighted": 32.85306071511101,
  "wmape_peak_11_12": {
    "mean": 28.7650263562036,
    "std": 2.2448993076544506
  },
  "wmape_dec": {
    "mean": 30.35240987972705,
    "std": 0.0
  },
  "bad_rate_wmape_ge_40": 0.08333333333333333
}