{
  "score": 35.09796002276546,
  "score_components": {
    "wmape_weighted": 32.85306071511101,
    "peak_std_11_12": 2.2448993076544506,
    "dec_mean": 30.35240987972705
  },
  "tradeoff_lambda": 1.0
}