{
  "objective": "reg:absoluteerror",
  "eval_metric": "mae",
  "random_state": 42,
  "n_jobs": -1,
  "tree_method": "hist",
  "learning_rate": 0.03191645620882445,
  "n_estimators": 2900,
  "max_depth": 6,
  "min_child_weight": 5,
  "subsample": 0.8718686848284184,
  "colsample_bytree": 0.9236554552152124,
  "reg_lambda": 0.16983183476617522,
  "reg_alpha": 0.003635985051799253,
  "gamma": 2.1975101700626563
}