{
  "n_folds": 12,
  "wmape_overall": {
    "mean": 32.43456037932786,
    "std": 5.4756500062827165
  },
  "wmape_weighted": 32.16542543573563,
  "wmape_peak_11_12": {
    "mean": 28.347455321827276,
    "std": 0.4457801316482416
  },
  "wmape_dec": {
    "mean": 28.66266947583398,
    "std": 0.0
  },
  "bad_rate_wmape_ge_40": 0.08333333333333333
}