{
  "n_folds": 12,
  "wmape_overall": {
    "mean": 32.99771101341938,
    "std": 5.780062212829709
  },
  "wmape_weighted": 32.57610387500652,
  "wmape_peak_11_12": {
    "mean": 27.90759883414212,
    "std": 1.1393832762830942
  },
  "wmape_dec": {
    "mean": 28.71326447517244,
    "std": 0.0
  },
  "bad_rate_wmape_ge_40": 0.08333333333333333
}