{
  "n_folds": 12,
  "wmape_overall": {
    "mean": 33.38202656307914,
    "std": 4.809452641298303
  },
  "wmape_weighted": 32.80748410444237,
  "wmape_peak_11_12": {
    "mean": 28.189161366082672,
    "std": 1.6022132100835775
  },
  "wmape_dec": {
    "mean": 29.322097191839436,
    "std": 0.0
  },
  "bad_rate_wmape_ge_40": 0.08333333333333333
}