{
  "roll_mode": "expanding",
  "roll_window_months": 24,
  "roll_min_train_periods": 22,
  "roll_gap": 0,
  "n_folds": 12,
  "wmape_mean": 33.38202656307913,
  "wmape_std": 4.6047003322493145,
  "wmape_dec_mean": 29.322097191839436,
  "wmape_dec_std": 0.0,
  "wmape_peak_mean": 28.189161366082672,
  "wmape_peak_std": 1.132935825756764,
  "optimal_trees": 2900
}