{
  "objective": "reg:absoluteerror",
  "eval_metric": "mae",
  "random_state": 42,
  "n_jobs": -1,
  "tree_method": "hist",
  "learning_rate": 0.1169015833287338,
  "n_estimators": 2900,
  "max_depth": 4,
  "min_child_weight": 8,
  "subsample": 0.9568342581243695,
  "colsample_bytree": 0.6274489537277841,
  "reg_lambda": 13.085138496902623,
  "reg_alpha": 4.606849240347116,
  "gamma": 1.9765378331296592
}