{
  "n_folds": 12,
  "wmape_overall": {
    "mean": 32.997306495397595,
    "std": 5.045140166144854
  },
  "wmape_weighted": 32.59046081233903,
  "wmape_peak_11_12": {
    "mean": 28.80463734437602,
    "std": 0.5354946918848542
  },
  "wmape_dec": {
    "mean": 29.1832892722972,
    "std": 0.0
  },
  "bad_rate_wmape_ge_40": 0.08333333333333333
}