{
  "roll_mode": "expanding",
  "roll_window_months": 24,
  "roll_min_train_periods": 22,
  "roll_gap": 0,
  "n_folds": 12,
  "wmape_mean": 32.997306495397595,
  "wmape_std": 4.830353957497398,
  "wmape_dec_mean": 29.1832892722972,
  "wmape_dec_std": 0.0,
  "wmape_peak_mean": 28.80463734437602,
  "wmape_peak_std": 0.3786519279211813,
  "optimal_trees": 2900
}