{
  "n_folds": 12,
  "wmape_overall": {
    "mean": 32.823894995661064,
    "std": 6.466419256958195
  },
  "wmape_weighted": 32.42397424507931,
  "wmape_peak_11_12": {
    "mean": 28.397585760430733,
    "std": 0.7848504562301266
  },
  "wmape_dec": {
    "mean": 28.95255884024841,
    "std": 0.0
  },
  "bad_rate_wmape_ge_40": 0.16666666666666666
}