{
  "objective": "reg:absoluteerror",
  "eval_metric": "mae",
  "random_state": 42,
  "n_jobs": -1,
  "tree_method": "hist",
  "learning_rate": 0.05411526733496175,
  "n_estimators": 2900,
  "max_depth": 3,
  "min_child_weight": 6,
  "subsample": 0.863488828171507,
  "colsample_bytree": 0.8069924331708692,
  "reg_lambda": 5.56167700106287,
  "reg_alpha": 0.001936004967978628,
  "gamma": 0.07495189467610741
}