{
  "n_folds": 12,
  "wmape_overall": {
    "mean": 32.89432545592217,
    "std": 5.9058182030879225
  },
  "wmape_weighted": 32.34321573201231,
  "wmape_peak_11_12": {
    "mean": 27.876760565910935,
    "std": 0.20013421431585066
  },
  "wmape_dec": {
    "mean": 28.018276826001117,
    "std": 0.0
  },
  "bad_rate_wmape_ge_40": 0.16666666666666666
}