{
  "n_folds": 12,
  "wmape_overall": {
    "mean": 33.64798175924672,
    "std": 5.724842531065451
  },
  "wmape_weighted": 33.02885249523273,
  "wmape_peak_11_12": {
    "mean": 28.940227423156678,
    "std": 1.573833072586176
  },
  "wmape_dec": {
    "mean": 30.053095461238023,
    "std": 0.0
  },
  "bad_rate_wmape_ge_40": 0.08333333333333333
}