{
  "roll_mode": "expanding",
  "roll_window_months": 24,
  "roll_min_train_periods": 22,
  "roll_gap": 0,
  "n_folds": 12,
  "wmape_mean": 33.647981759246726,
  "wmape_std": 5.481119426878469,
  "wmape_dec_mean": 30.053095461238023,
  "wmape_dec_std": 0.0,
  "wmape_peak_mean": 28.940227423156678,
  "wmape_peak_std": 1.112868038081345,
  "optimal_trees": 2900
}