{
  "score": 32.54334994632816,
  "score_components": {
    "wmape_weighted": 32.34321573201231,
    "peak_std_11_12": 0.20013421431585066,
    "dec_mean": 28.018276826001117
  },
  "tradeoff_lambda": 1.0
}