{
  "score": 34.6026855678189,
  "score_components": {
    "wmape_weighted": 33.02885249523273,
    "peak_std_11_12": 1.573833072586176,
    "dec_mean": 30.053095461238023
  },
  "tradeoff_lambda": 1.0
}