{
  "objective": "reg:absoluteerror",
  "eval_metric": "mae",
  "random_state": 42,
  "n_jobs": -1,
  "tree_method": "hist",
  "learning_rate": 0.10846648768511051,
  "n_estimators": 2900,
  "max_depth": 5,
  "min_child_weight": 12,
  "subsample": 0.79189901454423,
  "colsample_bytree": 0.7442578096512015,
  "reg_lambda": 0.07757930583149693,
  "reg_alpha": 0.011742649669006802,
  "gamma": 2.1176740207259193
}