{
  "objective": "reg:absoluteerror",
  "eval_metric": "mae",
  "random_state": 42,
  "n_jobs": -1,
  "tree_method": "hist",
  "learning_rate": 0.07486401634978626,
  "n_estimators": 1950,
  "max_depth": 3,
  "min_child_weight": 4,
  "subsample": 0.7681172998703792,
  "colsample_bytree": 0.9017511018096213,
  "reg_lambda": 0.3122511606862746,
  "reg_alpha": 0.06364729738875996,
  "gamma": 0.08564687459260556
}