{
  "n_folds": 12,
  "wmape_overall": {
    "mean": 32.81051622019572,
    "std": 6.016277514390512
  },
  "wmape_weighted": 32.439572871824964,
  "wmape_peak_11_12": {
    "mean": 27.89580096662357,
    "std": 1.4478856747439754
  },
  "wmape_dec": {
    "mean": 28.91961074561789,
    "std": 0.0
  },
  "bad_rate_wmape_ge_40": 0.08333333333333333
}