{
  "n_folds": 12,
  "wmape_overall": {
    "mean": 33.15289014091951,
    "std": 4.781513011381555
  },
  "wmape_weighted": 32.913028589708645,
  "wmape_peak_11_12": {
    "mean": 29.844488332100962,
    "std": 2.481675712299132
  },
  "wmape_dec": {
    "mean": 31.599298056973634,
    "std": 0.0
  },
  "bad_rate_wmape_ge_40": 0.08333333333333333
}