{
  "roll_mode": "expanding",
  "roll_window_months": 24,
  "roll_min_train_periods": 22,
  "roll_gap": 0,
  "n_folds": 12,
  "wmape_mean": 33.1528901409195,
  "wmape_std": 4.577950173186341,
  "wmape_dec_mean": 31.599298056973634,
  "wmape_dec_std": 0.0,
  "wmape_peak_mean": 29.844488332100962,
  "wmape_peak_std": 1.754809724872672,
  "optimal_trees": 2900
}