{
  "objective": "reg:absoluteerror",
  "eval_metric": "mae",
  "random_state": 42,
  "n_jobs": -1,
  "tree_method": "hist",
  "learning_rate": 0.03805302399766505,
  "n_estimators": 2900,
  "max_depth": 8,
  "min_child_weight": 8,
  "subsample": 0.8640137149210539,
  "colsample_bytree": 0.8773394984414487,
  "reg_lambda": 0.023740249727758067,
  "reg_alpha": 0.1873850889168987,
  "gamma": 2.8249233839245576
}