{
  "n_folds": 12,
  "wmape_overall": {
    "mean": 33.34042374350513,
    "std": 5.135253699215446
  },
  "wmape_weighted": 33.007525941702916,
  "wmape_peak_11_12": {
    "mean": 29.480989183060423,
    "std": 0.6168344359481851
  },
  "wmape_dec": {
    "mean": 29.917156995588762,
    "std": 0.0
  },
  "bad_rate_wmape_ge_40": 0.08333333333333333
}