{
  "objective": "reg:absoluteerror",
  "eval_metric": "mae",
  "random_state": 42,
  "n_jobs": -1,
  "tree_method": "hist",
  "learning_rate": 0.04192468758011078,
  "n_estimators": 2900,
  "max_depth": 5,
  "min_child_weight": 5,
  "subsample": 0.9274513390050236,
  "colsample_bytree": 0.632457473071609,
  "reg_lambda": 0.12446850981713753,
  "reg_alpha": 0.2608222919865344,
  "gamma": 2.468708297189226
}