{
  "n_folds": 12,
  "wmape_overall": {
    "mean": 32.87920605249454,
    "std": 5.662494419295945
  },
  "wmape_weighted": 32.46925490802871,
  "wmape_peak_11_12": {
    "mean": 27.879970950612083,
    "std": 0.798830770327529
  },
  "wmape_dec": {
    "mean": 28.44482960533115,
    "std": 0.0
  },
  "bad_rate_wmape_ge_40": 0.08333333333333333
}