{
  "objective": "reg:absoluteerror",
  "eval_metric": "mae",
  "random_state": 42,
  "n_jobs": -1,
  "tree_method": "hist",
  "learning_rate": 0.01685041838710716,
  "n_estimators": 2900,
  "max_depth": 3,
  "min_child_weight": 7,
  "subsample": 0.9777803928566865,
  "colsample_bytree": 0.7794844127089946,
  "reg_lambda": 6.61504966976478,
  "reg_alpha": 0.00114813085768734,
  "gamma": 1.0647188121257614
}