{
  "n_folds": 12,
  "wmape_overall": {
    "mean": 33.44267963222576,
    "std": 5.230872413112173
  },
  "wmape_weighted": 33.004810582903694,
  "wmape_peak_11_12": {
    "mean": 29.836072256433837,
    "std": 1.5201003400194246
  },
  "wmape_dec": {
    "mean": 30.91094551494555,
    "std": 0.0
  },
  "bad_rate_wmape_ge_40": 0.08333333333333333
}