{
  "roll_mode": "expanding",
  "roll_window_months": 24,
  "roll_min_train_periods": 22,
  "roll_gap": 0,
  "n_folds": 12,
  "wmape_mean": 33.44267963222576,
  "wmape_std": 5.008179045528405,
  "wmape_dec_mean": 30.91094551494555,
  "wmape_dec_std": 0.0,
  "wmape_peak_mean": 29.836072256433837,
  "wmape_peak_std": 1.0748732585117118,
  "optimal_trees": 2900
}