{
  "n_folds": 12,
  "wmape_overall": {
    "mean": 32.585702978794345,
    "std": 5.712071304935279
  },
  "wmape_weighted": 32.12936010725733,
  "wmape_peak_11_12": {
    "mean": 27.617189014763152,
    "std": 1.4332542993016184
  },
  "wmape_dec": {
    "mean": 28.6306528489641,
    "std": 0.0
  },
  "bad_rate_wmape_ge_40": 0.08333333333333333
}