{
  "objective": "reg:absoluteerror",
  "eval_metric": "mae",
  "random_state": 42,
  "n_jobs": -1,
  "tree_method": "hist",
  "learning_rate": 0.011938906305486581,
  "n_estimators": 2900,
  "max_depth": 3,
  "min_child_weight": 11,
  "subsample": 0.6811939812078327,
  "colsample_bytree": 0.9930274374172859,
  "reg_lambda": 0.017274563247831876,
  "reg_alpha": 0.03305097343578328,
  "gamma": 0.07107858871900163
}