{
  "n_folds": 12,
  "wmape_overall": {
    "mean": 33.428020021465805,
    "std": 5.874633390302885
  },
  "wmape_weighted": 32.890238525079916,
  "wmape_peak_11_12": {
    "mean": 27.852809564972983,
    "std": 3.0554937415740184
  },
  "wmape_dec": {
    "mean": 30.013369909513028,
    "std": 0.0
  },
  "bad_rate_wmape_ge_40": 0.08333333333333333
}