{
  "n_folds": 12,
  "wmape_overall": {
    "mean": 33.040612769638194,
    "std": 5.82659087862309
  },
  "wmape_weighted": 32.51491436195701,
  "wmape_peak_11_12": {
    "mean": 28.62110273404644,
    "std": 0.6542231395219786
  },
  "wmape_dec": {
    "mean": 29.08370835241158,
    "std": 0.0
  },
  "bad_rate_wmape_ge_40": 0.16666666666666666
}