{
  "roll_mode": "expanding",
  "roll_window_months": 24,
  "roll_min_train_periods": 22,
  "roll_gap": 0,
  "n_folds": 12,
  "wmape_mean": 33.04061276963819,
  "wmape_std": 5.578536052999565,
  "wmape_dec_mean": 29.08370835241158,
  "wmape_dec_std": 0.0,
  "wmape_peak_mean": 28.62110273404644,
  "wmape_peak_std": 0.4626056183651439,
  "optimal_trees": 2900
}