{
  "roll_mode": "expanding",
  "roll_window_months": 24,
  "roll_min_train_periods": 22,
  "roll_gap": 0,
  "n_folds": 12,
  "wmape_mean": 33.428020021465805,
  "wmape_std": 5.624533256006503,
  "wmape_dec_mean": 30.013369909513028,
  "wmape_dec_std": 0.0,
  "wmape_peak_mean": 27.852809564972983,
  "wmape_peak_std": 2.1605603445400448,
  "optimal_trees": 1050
}