{
  "score": 33.16913750147899,
  "score_components": {
    "wmape_weighted": 32.51491436195701,
    "peak_std_11_12": 0.6542231395219786,
    "dec_mean": 29.08370835241158
  },
  "tradeoff_lambda": 1.0
}