{
  "score": 35.945732266653934,
  "score_components": {
    "wmape_weighted": 32.890238525079916,
    "peak_std_11_12": 3.0554937415740184,
    "dec_mean": 30.013369909513028
  },
  "tradeoff_lambda": 1.0
}