{
  "objective": "reg:absoluteerror",
  "eval_metric": "mae",
  "random_state": 42,
  "n_jobs": -1,
  "tree_method": "hist",
  "learning_rate": 0.0881706312240984,
  "n_estimators": 1050,
  "max_depth": 5,
  "min_child_weight": 5,
  "subsample": 0.9615334073317667,
  "colsample_bytree": 0.7075563146753392,
  "reg_lambda": 0.6440836311604441,
  "reg_alpha": 0.01470704068464254,
  "gamma": 1.1245902776788537
}