{
  "objective": "reg:absoluteerror",
  "eval_metric": "mae",
  "random_state": 42,
  "n_jobs": -1,
  "tree_method": "hist",
  "learning_rate": 0.09706837300415602,
  "n_estimators": 2900,
  "max_depth": 4,
  "min_child_weight": 12,
  "subsample": 0.7879259337101081,
  "colsample_bytree": 0.7397775078853439,
  "reg_lambda": 0.06162978657499875,
  "reg_alpha": 0.010481810072965008,
  "gamma": 2.53772307757257
}