{
  "n_folds": 12,
  "wmape_overall": {
    "mean": 33.307320000736446,
    "std": 5.4020513235833825
  },
  "wmape_weighted": 32.82605602121335,
  "wmape_peak_11_12": {
    "mean": 29.52657053107413,
    "std": 0.36049286103136374
  },
  "wmape_dec": {
    "mean": 29.78147747767875,
    "std": 0.0
  },
  "bad_rate_wmape_ge_40": 0.08333333333333333
}