{
  "roll_mode": "expanding",
  "roll_window_months": 24,
  "roll_min_train_periods": 22,
  "roll_gap": 0,
  "n_folds": 12,
  "wmape_mean": 33.307320000736446,
  "wmape_std": 5.172070374689737,
  "wmape_dec_mean": 29.78147747767875,
  "wmape_dec_std": 0.0,
  "wmape_peak_mean": 29.52657053107413,
  "wmape_peak_std": 0.254906946604617,
  "optimal_trees": 2900
}