{
  "objective": "reg:absoluteerror",
  "eval_metric": "mae",
  "random_state": 42,
  "n_jobs": -1,
  "tree_method": "hist",
  "learning_rate": 0.06385819491491607,
  "n_estimators": 2900,
  "max_depth": 4,
  "min_child_weight": 9,
  "subsample": 0.8890213251821995,
  "colsample_bytree": 0.987425042811451,
  "reg_lambda": 0.6580731295141781,
  "reg_alpha": 0.001716725447905042,
  "gamma": 0.1924580741607671
}