{
  "n_folds": 21,
  "wmape_overall": {
    "mean": 26.365463060896598,
    "std": 6.024837037549451
  },
  "wmape_weighted": 26.030672504690806,
  "wmape_base_overall": {
    "mean": NaN,
    "std": NaN
  },
  "wmape_base_weighted": NaN,
  "wmape_gain_overall": {
    "mean": NaN,
    "std": NaN
  },
  "wmape_gain_weighted": NaN,
  "wmape_peak_11_12": {
    "mean": 29.00235689828674,
    "std": 3.1601806979701
  },
  "wmape_gain_peak_11_12": {
    "mean": NaN,
    "std": NaN
  },
  "wmape_nov": {
    "mean": 31.236942099596238,
    "std": 0.0
  },
  "wmape_dec": {
    "mean": 26.76777169697725,
    "std": 0.0
  },
  "gain_positive_rate": 0.0,
  "bad_rate_wmape_ge_40": 0.0,
  "corr_log_mean_abs": {
    "mean": NaN,
    "std": NaN
  },
  "phase3_score": 36.18943777312537,
  "phase3_score_components": {
    "wmape_weighted": 26.030672504690806,
    "peak_std_11_12": 3.1601806979701,
    "dec_mean": 26.76777169697725
  },
  "phase3_score_coeff": {
    "peak_std_coef": 0.25,
    "dec_mean_coef": 0.35
  }
}