{
  "n_folds": 12,
  "wmape_overall": {
    "mean": 32.69437566243822,
    "std": 5.896314428753949
  },
  "wmape_weighted": 32.31531613676102,
  "wmape_peak_11_12": {
    "mean": 28.484559239208426,
    "std": 1.0029720804202151
  },
  "wmape_dec": {
    "mean": 29.19376759861434,
    "std": 0.0
  },
  "bad_rate_wmape_ge_40": 0.08333333333333333
}