{
  "objective": "reg:absoluteerror",
  "eval_metric": "mae",
  "random_state": 42,
  "n_jobs": -1,
  "tree_method": "hist",
  "learning_rate": 0.07352859486520652,
  "n_estimators": 2900,
  "max_depth": 4,
  "min_child_weight": 6,
  "subsample": 0.9388150257054478,
  "colsample_bytree": 0.6213134151043095,
  "reg_lambda": 1.1532599858179835,
  "reg_alpha": 1.0271431308547818,
  "gamma": 1.7986504325957757
}