{
  "n_folds": 12,
  "wmape_overall": {
    "mean": 33.27676920560642,
    "std": 5.394127385241784
  },
  "wmape_weighted": 32.924019135589916,
  "wmape_peak_11_12": {
    "mean": 29.246379481687082,
    "std": 1.9053783358923788
  },
  "wmape_dec": {
    "mean": 30.593685423722523,
    "std": 0.0
  },
  "bad_rate_wmape_ge_40": 0.08333333333333333
}