{
  "n_folds": 12,
  "wmape_overall": {
    "mean": 32.394227965795785,
    "std": 4.895847001452559
  },
  "wmape_weighted": 32.26560693447536,
  "wmape_peak_11_12": {
    "mean": 29.153028529341363,
    "std": 1.90646420336084
  },
  "wmape_dec": {
    "mean": 30.50110229562722,
    "std": 0.0
  },
  "bad_rate_wmape_ge_40": 0.08333333333333333
}