{
  "roll_mode": "expanding",
  "roll_window_months": 24,
  "roll_min_train_periods": 22,
  "roll_gap": 0,
  "n_folds": 12,
  "wmape_mean": 32.394227965795785,
  "wmape_std": 4.6874166346182635,
  "wmape_dec_mean": 30.50110229562722,
  "wmape_dec_std": 0.0,
  "wmape_peak_mean": 29.153028529341363,
  "wmape_peak_std": 1.348073766285859,
  "optimal_trees": 2900
}