{
  "score": 34.1720711378362,
  "score_components": {
    "wmape_weighted": 32.26560693447536,
    "peak_std_11_12": 1.90646420336084,
    "dec_mean": 30.50110229562722
  },
  "tradeoff_lambda": 1.0
}