{
  "objective": "reg:absoluteerror",
  "eval_metric": "mae",
  "random_state": 42,
  "n_jobs": -1,
  "tree_method": "hist",
  "learning_rate": 0.012990331726666223,
  "n_estimators": 2900,
  "max_depth": 6,
  "min_child_weight": 5,
  "subsample": 0.6881011825285988,
  "colsample_bytree": 0.8207933482293722,
  "reg_lambda": 0.2441105015859415,
  "reg_alpha": 0.005186533098325209,
  "gamma": 1.5813879864824374
}