{
  "objective": "reg:absoluteerror",
  "eval_metric": "mae",
  "random_state": 42,
  "n_jobs": -1,
  "tree_method": "hist",
  "learning_rate": 0.026866526061512006,
  "n_estimators": 1000,
  "max_depth": 6,
  "min_child_weight": 15,
  "subsample": 0.8108517315309917,
  "colsample_bytree": 0.8985334635398687,
  "reg_lambda": 0.015742789279361194,
  "reg_alpha": 0.0022026607979270347,
  "gamma": 1.4141542546290116
}