{
  "n_folds": 12,
  "wmape_overall": {
    "mean": 33.12853488769254,
    "std": 5.793987316207126
  },
  "wmape_weighted": 32.595605526859686,
  "wmape_peak_11_12": {
    "mean": 27.487083941060305,
    "std": 1.1608613671418233
  },
  "wmape_dec": {
    "mean": 28.307936885783775,
    "std": 0.0
  },
  "bad_rate_wmape_ge_40": 0.16666666666666666
}