{
  "n_folds": 12,
  "wmape_overall": {
    "mean": 33.09117406696692,
    "std": 5.488656023727306
  },
  "wmape_weighted": 32.78080786656533,
  "wmape_peak_11_12": {
    "mean": 29.03573988582872,
    "std": 0.8934028084126596
  },
  "wmape_dec": {
    "mean": 29.667471069988416,
    "std": 0.0
  },
  "bad_rate_wmape_ge_40": 0.08333333333333333
}