{
  "roll_mode": "expanding",
  "roll_window_months": 24,
  "roll_min_train_periods": 22,
  "roll_gap": 0,
  "n_folds": 12,
  "wmape_mean": 33.09117406696692,
  "wmape_std": 5.254988062266638,
  "wmape_dec_mean": 29.667471069988416,
  "wmape_dec_std": 0.0,
  "wmape_peak_mean": 29.03573988582872,
  "wmape_peak_std": 0.6317311841596975,
  "optimal_trees": 2900
}