{
  "score": 33.67421067497799,
  "score_components": {
    "wmape_weighted": 32.78080786656533,
    "peak_std_11_12": 0.8934028084126596,
    "dec_mean": 29.667471069988416
  },
  "tradeoff_lambda": 1.0
}