{
  "objective": "reg:absoluteerror",
  "eval_metric": "mae",
  "random_state": 42,
  "n_jobs": -1,
  "tree_method": "hist",
  "learning_rate": 0.06014321882783976,
  "n_estimators": 1850,
  "max_depth": 4,
  "min_child_weight": 8,
  "subsample": 0.8186841117373118,
  "colsample_bytree": 0.6739417822102108,
  "reg_lambda": 3.6202344812619107,
  "reg_alpha": 3.597899951374983,
  "gamma": 2.8184968246925672
}