{
  "objective": "reg:absoluteerror",
  "eval_metric": "mae",
  "random_state": 42,
  "n_jobs": -1,
  "tree_method": "hist",
  "learning_rate": 0.013916438390377948,
  "n_estimators": 2900,
  "max_depth": 5,
  "min_child_weight": 1,
  "subsample": 0.9637281608315128,
  "colsample_bytree": 0.7035119926400067,
  "reg_lambda": 0.10689751565977942,
  "reg_alpha": 0.12976941336928302,
  "gamma": 1.5602040635334324
}