{
  "n_folds": 12,
  "wmape_overall": {
    "mean": 32.59074588321227,
    "std": 5.79379988395668
  },
  "wmape_weighted": 32.126353100053365,
  "wmape_peak_11_12": {
    "mean": 27.66329492233028,
    "std": 1.1154272615435767
  },
  "wmape_dec": {
    "mean": 28.452021102888082,
    "std": 0.0
  },
  "bad_rate_wmape_ge_40": 0.08333333333333333
}