{
  "objective": "reg:absoluteerror",
  "eval_metric": "mae",
  "random_state": 42,
  "n_jobs": -1,
  "tree_method": "hist",
  "learning_rate": 0.013405655394605408,
  "n_estimators": 2900,
  "max_depth": 3,
  "min_child_weight": 1,
  "subsample": 0.760772267856904,
  "colsample_bytree": 0.6172987848548235,
  "reg_lambda": 0.05474911115473675,
  "reg_alpha": 0.0009642800627692732,
  "gamma": 0.8480418291350372
}