{
  "n_folds": 21,
  "wmape_overall": {
    "mean": 32.83650359528391,
    "std": 7.787587033092781
  },
  "wmape_weighted": 32.02938601949635,
  "wmape_base_overall": {
    "mean": NaN,
    "std": NaN
  },
  "wmape_base_weighted": NaN,
  "wmape_gain_overall": {
    "mean": NaN,
    "std": NaN
  },
  "wmape_gain_weighted": NaN,
  "wmape_peak_11_12": {
    "mean": 33.914869972024746,
    "std": 1.2415716149741471
  },
  "wmape_gain_peak_11_12": {
    "mean": NaN,
    "std": NaN
  },
  "wmape_nov": {
    "mean": 34.7927936803017,
    "std": 0.0
  },
  "wmape_dec": {
    "mean": 33.036946263747794,
    "std": 0.0
  },
  "gain_positive_rate": 0.0,
  "bad_rate_wmape_ge_40": 0.09523809523809523,
  "corr_log_mean_abs": {
    "mean": NaN,
    "std": NaN
  },
  "phase3_score": 43.90271011555161,
  "phase3_score_components": {
    "wmape_weighted": 32.02938601949635,
    "peak_std_11_12": 1.2415716149741471,
    "dec_mean": 33.036946263747794
  },
  "phase3_score_coeff": {
    "peak_std_coef": 0.25,
    "dec_mean_coef": 0.35
  }
}