{
  "n_folds": 12,
  "wmape_overall": {
    "mean": 33.678190143753696,
    "std": 5.390368346158613
  },
  "wmape_weighted": 33.10212704257856,
  "wmape_peak_11_12": {
    "mean": 27.53841447793166,
    "std": 1.3354456675923045
  },
  "wmape_dec": {
    "mean": 28.482717165392373,
    "std": 0.0
  },
  "bad_rate_wmape_ge_40": 0.08333333333333333
}