{
  "objective": "reg:absoluteerror",
  "eval_metric": "mae",
  "random_state": 42,
  "n_jobs": -1,
  "tree_method": "hist",
  "learning_rate": 0.1036717640461625,
  "n_estimators": 2900,
  "max_depth": 4,
  "min_child_weight": 8,
  "subsample": 0.9314042883664537,
  "colsample_bytree": 0.7653811827774357,
  "reg_lambda": 4.731486019243264,
  "reg_alpha": 1.5180766773570842,
  "gamma": 1.5902018706499779
}