{
  "n_folds": 12,
  "wmape_overall": {
    "mean": 32.84803231381878,
    "std": 5.965420365478854
  },
  "wmape_weighted": 32.39661443596854,
  "wmape_peak_11_12": {
    "mean": 28.045559934360725,
    "std": 1.6256708765038972
  },
  "wmape_dec": {
    "mean": 29.195082835114107,
    "std": 0.0
  },
  "bad_rate_wmape_ge_40": 0.08333333333333333
}