{
  "n_folds": 12,
  "wmape_overall": {
    "mean": 32.99029082071621,
    "std": 4.774690783159736
  },
  "wmape_weighted": 32.7915682705137,
  "wmape_peak_11_12": {
    "mean": 29.35083785203372,
    "std": 2.6012625518727166
  },
  "wmape_dec": {
    "mean": 31.19020824210954,
    "std": 0.0
  },
  "bad_rate_wmape_ge_40": 0.08333333333333333
}