{
  "score": 34.022285312472434,
  "score_components": {
    "wmape_weighted": 32.39661443596854,
    "peak_std_11_12": 1.6256708765038972,
    "dec_mean": 29.195082835114107
  },
  "tradeoff_lambda": 1.0
}