{
  "n_folds": 12,
  "wmape_overall": {
    "mean": 34.08787603111266,
    "std": 6.845860692038382
  },
  "wmape_weighted": 33.77623423120289,
  "wmape_peak_11_12": {
    "mean": 30.04373464337151,
    "std": 2.9863459647130974
  },
  "wmape_dec": {
    "mean": 32.155400125989225,
    "std": 0.0
  },
  "bad_rate_wmape_ge_40": 0.08333333333333333
}