{
  "objective": "reg:absoluteerror",
  "eval_metric": "mae",
  "random_state": 42,
  "n_jobs": -1,
  "tree_method": "hist",
  "learning_rate": 0.13756137036725388,
  "n_estimators": 2900,
  "max_depth": 5,
  "min_child_weight": 3,
  "subsample": 0.6003830862925816,
  "colsample_bytree": 0.8660554575731558,
  "reg_lambda": 7.819700510378114,
  "reg_alpha": 0.00030685722078883633,
  "gamma": 2.2649624085069453
}