{
  "n_folds": 12,
  "wmape_overall": {
    "mean": 32.862843473750544,
    "std": 4.427519704210372
  },
  "wmape_weighted": 32.73189627391912,
  "wmape_peak_11_12": {
    "mean": 30.804734600362707,
    "std": 0.3763289642761486
  },
  "wmape_dec": {
    "mean": 30.53862983776613,
    "std": 0.0
  },
  "bad_rate_wmape_ge_40": 0.08333333333333333
}