{
  "roll_mode": "expanding",
  "roll_window_months": 24,
  "roll_min_train_periods": 22,
  "roll_gap": 0,
  "n_folds": 12,
  "wmape_mean": 32.862843473750544,
  "wmape_std": 4.239027384936334,
  "wmape_dec_mean": 30.53862983776613,
  "wmape_dec_std": 0.0,
  "wmape_peak_mean": 30.804734600362707,
  "wmape_peak_std": 0.2661047625965747,
  "optimal_trees": 2900
}