{
  "score": 33.10822523819527,
  "score_components": {
    "wmape_weighted": 32.73189627391912,
    "peak_std_11_12": 0.3763289642761486,
    "dec_mean": 30.53862983776613
  },
  "tradeoff_lambda": 1.0
}