{
  "n_folds": 12,
  "wmape_overall": {
    "mean": 32.53929555049038,
    "std": 6.355563043715254
  },
  "wmape_weighted": 32.29480650645495,
  "wmape_peak_11_12": {
    "mean": 28.68617049388748,
    "std": 1.0606091495004535
  },
  "wmape_dec": {
    "mean": 29.436134415687746,
    "std": 0.0
  },
  "bad_rate_wmape_ge_40": 0.08333333333333333
}