{
  "n_folds": 12,
  "wmape_overall": {
    "mean": 33.25320823092989,
    "std": 5.3796000813267995
  },
  "wmape_weighted": 32.71671266632071,
  "wmape_peak_11_12": {
    "mean": 27.767844880878013,
    "std": 0.8483540868167211
  },
  "wmape_dec": {
    "mean": 28.367721808513437,
    "std": 0.0
  },
  "bad_rate_wmape_ge_40": 0.08333333333333333
}