{
  "roll_mode": "expanding",
  "roll_window_months": 24,
  "roll_min_train_periods": 22,
  "roll_gap": 0,
  "n_folds": 12,
  "wmape_mean": 32.53929555049038,
  "wmape_std": 6.084988343107364,
  "wmape_dec_mean": 29.436134415687746,
  "wmape_dec_std": 0.0,
  "wmape_peak_mean": 28.68617049388748,
  "wmape_peak_std": 0.7499639218002674,
  "optimal_trees": 2900
}