{
  "score": 33.3554156559554,
  "score_components": {
    "wmape_weighted": 32.29480650645495,
    "peak_std_11_12": 1.0606091495004535,
    "dec_mean": 29.436134415687746
  },
  "tradeoff_lambda": 1.0
}