{
  "objective": "reg:absoluteerror",
  "eval_metric": "mae",
  "random_state": 42,
  "n_jobs": -1,
  "tree_method": "hist",
  "learning_rate": 0.09083642005367193,
  "n_estimators": 2900,
  "max_depth": 4,
  "min_child_weight": 9,
  "subsample": 0.7619528352234127,
  "colsample_bytree": 0.6052561262871233,
  "reg_lambda": 0.033455375738399955,
  "reg_alpha": 0.007253751466023706,
  "gamma": 2.3534758920965593
}