{
  "objective": "reg:absoluteerror",
  "eval_metric": "mae",
  "random_state": 42,
  "n_jobs": -1,
  "tree_method": "hist",
  "learning_rate": 0.08466374640402506,
  "n_estimators": 1000,
  "max_depth": 5,
  "min_child_weight": 3,
  "subsample": 0.9984067957444853,
  "colsample_bytree": 0.8524337374155859,
  "reg_lambda": 0.9028438800345534,
  "reg_alpha": 0.1556943527048531,
  "gamma": 2.0128320817152994
}