{
  "n_folds": 12,
  "wmape_overall": {
    "mean": 33.845322225725646,
    "std": 5.026476905424724
  },
  "wmape_weighted": 33.35412665971839,
  "wmape_peak_11_12": {
    "mean": 30.517911744277,
    "std": 0.4598544819809308
  },
  "wmape_dec": {
    "mean": 30.843077966844746,
    "std": 0.0
  },
  "bad_rate_wmape_ge_40": 0.16666666666666666
}