{
  "roll_mode": "expanding",
  "roll_window_months": 24,
  "roll_min_train_periods": 22,
  "roll_gap": 0,
  "n_folds": 12,
  "wmape_mean": 33.845322225725646,
  "wmape_std": 4.812485245764822,
  "wmape_dec_mean": 30.843077966844746,
  "wmape_dec_std": 0.0,
  "wmape_peak_mean": 30.517911744277,
  "wmape_peak_std": 0.3251662225677432,
  "optimal_trees": 2900
}