{
  "objective": "reg:absoluteerror",
  "eval_metric": "mae",
  "random_state": 42,
  "n_jobs": -1,
  "tree_method": "hist",
  "learning_rate": 0.14714629277350869,
  "n_estimators": 2900,
  "max_depth": 4,
  "min_child_weight": 7,
  "subsample": 0.9697812132026624,
  "colsample_bytree": 0.6136279504928281,
  "reg_lambda": 4.133371416373473,
  "reg_alpha": 2.7533701820664973,
  "gamma": 2.991261208175452
}