{
  "n_folds": 12,
  "wmape_overall": {
    "mean": 32.70867348930626,
    "std": 5.310466957993284
  },
  "wmape_weighted": 32.369461140826175,
  "wmape_peak_11_12": {
    "mean": 28.734533316248775,
    "std": 1.3125959953182733
  },
  "wmape_dec": {
    "mean": 29.662678845496632,
    "std": 0.0
  },
  "bad_rate_wmape_ge_40": 0.08333333333333333
}