{
  "n_folds": 12,
  "wmape_overall": {
    "mean": 32.438966305939694,
    "std": 5.99211701460583
  },
  "wmape_weighted": 32.36495231190989,
  "wmape_peak_11_12": {
    "mean": 29.596222790539922,
    "std": 1.5766125326867138
  },
  "wmape_dec": {
    "mean": 30.711056203706395,
    "std": 0.0
  },
  "bad_rate_wmape_ge_40": 0.08333333333333333
}