{
  "roll_mode": "expanding",
  "roll_window_months": 24,
  "roll_min_train_periods": 22,
  "roll_gap": 0,
  "n_folds": 12,
  "wmape_mean": 32.70867348930626,
  "wmape_std": 5.084385020427108,
  "wmape_dec_mean": 29.662678845496632,
  "wmape_dec_std": 0.0,
  "wmape_peak_mean": 28.734533316248775,
  "wmape_peak_std": 0.9281455292478569,
  "optimal_trees": 2900
}