{
  "score": 33.68205713614445,
  "score_components": {
    "wmape_weighted": 32.369461140826175,
    "peak_std_11_12": 1.3125959953182733,
    "dec_mean": 29.662678845496632
  },
  "tradeoff_lambda": 1.0
}