{
  "objective": "reg:absoluteerror",
  "eval_metric": "mae",
  "random_state": 42,
  "n_jobs": -1,
  "tree_method": "hist",
  "learning_rate": 0.13180643056699087,
  "n_estimators": 300,
  "max_depth": 5,
  "min_child_weight": 5,
  "subsample": 0.7300570135729482,
  "colsample_bytree": 0.7874820875551369,
  "reg_lambda": 1.1799624551738404,
  "reg_alpha": 0.24628635823327724,
  "gamma": 1.797286503704417
}