{
  "objective": "reg:absoluteerror",
  "eval_metric": "mae",
  "random_state": 42,
  "n_jobs": -1,
  "tree_method": "hist",
  "learning_rate": 0.0184093484723109,
  "n_estimators": 2900,
  "max_depth": 5,
  "min_child_weight": 10,
  "subsample": 0.7136679613485023,
  "colsample_bytree": 0.8006880321143565,
  "reg_lambda": 0.12918248186696304,
  "reg_alpha": 0.03020071237812924,
  "gamma": 1.7189050371804002
}