{
  "n_folds": 12,
  "wmape_overall": {
    "mean": 33.22962736408805,
    "std": 5.622647955677938
  },
  "wmape_weighted": 32.6521197845937,
  "wmape_peak_11_12": {
    "mean": 28.75561764965642,
    "std": 0.030785677352871337
  },
  "wmape_dec": {
    "mean": 28.733848888436782,
    "std": 0.0
  },
  "bad_rate_wmape_ge_40": 0.16666666666666666
}