{
  "n_folds": 12,
  "wmape_overall": {
    "mean": 32.63086267781564,
    "std": 5.527552228903525
  },
  "wmape_weighted": 32.18562061384463,
  "wmape_peak_11_12": {
    "mean": 27.921377428723584,
    "std": 1.4490752214659923
  },
  "wmape_dec": {
    "mean": 28.946028344271586,
    "std": 0.0
  },
  "bad_rate_wmape_ge_40": 0.08333333333333333
}