{
  "roll_mode": "expanding",
  "roll_window_months": 24,
  "roll_min_train_periods": 22,
  "roll_gap": 0,
  "n_folds": 12,
  "wmape_mean": 32.63086267781565,
  "wmape_std": 5.292228343491202,
  "wmape_dec_mean": 28.946028344271586,
  "wmape_dec_std": 0.0,
  "wmape_peak_mean": 27.921377428723584,
  "wmape_peak_std": 1.0246509155480013,
  "optimal_trees": 1350
}