{
  "roll_mode": "expanding",
  "roll_window_months": 24,
  "roll_min_train_periods": 22,
  "roll_gap": 0,
  "n_folds": 12,
  "wmape_mean": 33.22962736408805,
  "wmape_std": 5.383275570136815,
  "wmape_dec_mean": 28.733848888436782,
  "wmape_dec_std": 0.0,
  "wmape_peak_mean": 28.75561764965642,
  "wmape_peak_std": 0.021768761219636446,
  "optimal_trees": 2900
}