{
  "score": 32.682905461946575,
  "score_components": {
    "wmape_weighted": 32.6521197845937,
    "peak_std_11_12": 0.030785677352871337,
    "dec_mean": 28.733848888436782
  },
  "tradeoff_lambda": 1.0
}