{
  "objective": "reg:absoluteerror",
  "eval_metric": "mae",
  "random_state": 42,
  "n_jobs": -1,
  "tree_method": "hist",
  "learning_rate": 0.08813120991239148,
  "n_estimators": 2900,
  "max_depth": 3,
  "min_child_weight": 2,
  "subsample": 0.6972528493983337,
  "colsample_bytree": 0.6439246191834067,
  "reg_lambda": 0.14378641766715392,
  "reg_alpha": 0.004245273083807964,
  "gamma": 0.5732509394820546
}