{
  "n_folds": 12,
  "wmape_overall": {
    "mean": 32.31947999726038,
    "std": 4.856628208049597
  },
  "wmape_weighted": 32.229005821120786,
  "wmape_peak_11_12": {
    "mean": 29.465316864054472,
    "std": 1.7041531611576253
  },
  "wmape_dec": {
    "mean": 30.670335120489522,
    "std": 0.0
  },
  "bad_rate_wmape_ge_40": 0.08333333333333333
}