{
  "objective": "reg:absoluteerror",
  "eval_metric": "mae",
  "random_state": 42,
  "n_jobs": -1,
  "tree_method": "hist",
  "learning_rate": 0.017124716659373988,
  "n_estimators": 2900,
  "max_depth": 8,
  "min_child_weight": 13,
  "subsample": 0.6786328959547053,
  "colsample_bytree": 0.9290523261165026,
  "reg_lambda": 0.1495378682771885,
  "reg_alpha": 0.0011572541044866057,
  "gamma": 1.821008970593252
}