{
  "n_folds": 12,
  "wmape_overall": {
    "mean": 33.189626331075615,
    "std": 5.880958635146889
  },
  "wmape_weighted": 32.87927083551028,
  "wmape_peak_11_12": {
    "mean": 29.755770933499946,
    "std": 2.969940670998211
  },
  "wmape_dec": {
    "mean": 31.855836121684504,
    "std": 0.0
  },
  "bad_rate_wmape_ge_40": 0.08333333333333333
}