{
  "n_folds": 12,
  "wmape_overall": {
    "mean": 33.156563616569876,
    "std": 6.222154421965314
  },
  "wmape_weighted": 32.89291455783596,
  "wmape_peak_11_12": {
    "mean": 30.130484298469153,
    "std": 3.0180492042934395
  },
  "wmape_dec": {
    "mean": 32.26456735677971,
    "std": 0.0
  },
  "bad_rate_wmape_ge_40": 0.08333333333333333
}