{
  "score": 35.9109637621294,
  "score_components": {
    "wmape_weighted": 32.89291455783596,
    "peak_std_11_12": 3.0180492042934395,
    "dec_mean": 32.26456735677971
  },
  "tradeoff_lambda": 1.0
}