{
  "n_folds": 12,
  "wmape_overall": {
    "mean": 32.48948641837452,
    "std": 6.118482214778442
  },
  "wmape_weighted": 31.995418511406093,
  "wmape_peak_11_12": {
    "mean": 26.942635801062664,
    "std": 2.368162801823854
  },
  "wmape_dec": {
    "mean": 28.617179777186045,
    "std": 0.0
  },
  "bad_rate_wmape_ge_40": 0.08333333333333333
}