{
  "n_folds": 12,
  "wmape_overall": {
    "mean": 32.58845717717755,
    "std": 6.466493590890728
  },
  "wmape_weighted": 32.13353627336601,
  "wmape_peak_11_12": {
    "mean": 27.2543803975297,
    "std": 1.9485619432783594
  },
  "wmape_dec": {
    "mean": 28.632221761183867,
    "std": 0.0
  },
  "bad_rate_wmape_ge_40": 0.08333333333333333
}