{
  "score": 34.08209821664437,
  "score_components": {
    "wmape_weighted": 32.13353627336601,
    "peak_std_11_12": 1.9485619432783594,
    "dec_mean": 28.632221761183867
  },
  "tradeoff_lambda": 1.0
}