{
  "n_folds": 12,
  "wmape_overall": {
    "mean": 33.170843463770744,
    "std": 5.544072000272293
  },
  "wmape_weighted": 32.6991850597079,
  "wmape_peak_11_12": {
    "mean": 28.30628191374212,
    "std": 0.6951982911179477
  },
  "wmape_dec": {
    "mean": 28.79786133966092,
    "std": 0.0
  },
  "bad_rate_wmape_ge_40": 0.08333333333333333
}