{
  "objective": "reg:absoluteerror",
  "eval_metric": "mae",
  "random_state": 42,
  "n_jobs": -1,
  "tree_method": "hist",
  "learning_rate": 0.02740303157362909,
  "n_estimators": 2900,
  "max_depth": 3,
  "min_child_weight": 14,
  "subsample": 0.89062329504342,
  "colsample_bytree": 0.8264798063879703,
  "reg_lambda": 1.4127827422291177,
  "reg_alpha": 0.0015571130921050243,
  "gamma": 1.263878036092011
}