{
  "n_folds": 12,
  "wmape_overall": {
    "mean": 33.42634186287334,
    "std": 6.199437502381408
  },
  "wmape_weighted": 33.31720404455293,
  "wmape_peak_11_12": {
    "mean": 30.009971664288827,
    "std": 2.6610818091304536
  },
  "wmape_dec": {
    "mean": 31.891640656817138,
    "std": 0.0
  },
  "bad_rate_wmape_ge_40": 0.08333333333333333
}