{
  "roll_mode": "expanding",
  "roll_window_months": 24,
  "roll_min_train_periods": 22,
  "roll_gap": 0,
  "n_folds": 12,
  "wmape_mean": 33.42634186287334,
  "wmape_std": 5.935509517621208,
  "wmape_dec_mean": 31.891640656817138,
  "wmape_dec_std": 0.0,
  "wmape_peak_mean": 30.009971664288827,
  "wmape_peak_std": 1.8816689925283097,
  "optimal_trees": 2900
}