{
  "n_folds": 12,
  "wmape_overall": {
    "mean": 33.48562400022321,
    "std": 5.5707361954981325
  },
  "wmape_weighted": 33.26086271218661,
  "wmape_peak_11_12": {
    "mean": 29.55499995447866,
    "std": 0.7596417131322418
  },
  "wmape_dec": {
    "mean": 30.092147761106634,
    "std": 0.0
  },
  "bad_rate_wmape_ge_40": 0.08333333333333333
}