{
  "n_folds": 12,
  "wmape_overall": {
    "mean": 32.79162814508634,
    "std": 5.305108865845951
  },
  "wmape_weighted": 32.75225118935201,
  "wmape_peak_11_12": {
    "mean": 30.239418310741208,
    "std": 3.1516317155529006
  },
  "wmape_dec": {
    "mean": 32.46795846861126,
    "std": 0.0
  },
  "bad_rate_wmape_ge_40": 0.08333333333333333
}