{
  "roll_mode": "expanding",
  "roll_window_months": 24,
  "roll_min_train_periods": 22,
  "roll_gap": 0,
  "n_folds": 12,
  "wmape_mean": 33.48562400022321,
  "wmape_std": 5.333573843729324,
  "wmape_dec_mean": 30.092147761106634,
  "wmape_dec_std": 0.0,
  "wmape_peak_mean": 29.55499995447866,
  "wmape_peak_std": 0.5371478066279742,
  "optimal_trees": 300
}