{
  "score": 35.90388290490491,
  "score_components": {
    "wmape_weighted": 32.75225118935201,
    "peak_std_11_12": 3.1516317155529006,
    "dec_mean": 32.46795846861126
  },
  "tradeoff_lambda": 1.0
}