{
  "score": 34.02050442531885,
  "score_components": {
    "wmape_weighted": 33.26086271218661,
    "peak_std_11_12": 0.7596417131322418,
    "dec_mean": 30.092147761106634
  },
  "tradeoff_lambda": 1.0
}