{
  "n_folds": 12,
  "wmape_overall": {
    "mean": 33.489256012415794,
    "std": 4.978677388267393
  },
  "wmape_weighted": 32.94899511537857,
  "wmape_peak_11_12": {
    "mean": 28.7885787614802,
    "std": 1.1768723526083575
  },
  "wmape_dec": {
    "mean": 29.620753182600534,
    "std": 0.0
  },
  "bad_rate_wmape_ge_40": 0.08333333333333333
}