{
  "objective": "reg:absoluteerror",
  "eval_metric": "mae",
  "random_state": 42,
  "n_jobs": -1,
  "tree_method": "hist",
  "learning_rate": 0.12118306692367109,
  "n_estimators": 2900,
  "max_depth": 4,
  "min_child_weight": 7,
  "subsample": 0.9877331687803154,
  "colsample_bytree": 0.7097506722095951,
  "reg_lambda": 6.161099199248387,
  "reg_alpha": 0.1333492744508897,
  "gamma": 1.9050543567203233
}