{
  "n_folds": 12,
  "wmape_overall": {
    "mean": 33.089553764326425,
    "std": 5.289792066718654
  },
  "wmape_weighted": 32.607260564483326,
  "wmape_peak_11_12": {
    "mean": 28.385881841850022,
    "std": 0.7431043455080275
  },
  "wmape_dec": {
    "mean": 28.91133596368794,
    "std": 0.0
  },
  "bad_rate_wmape_ge_40": 0.08333333333333333
}