{
  "roll_mode": "expanding",
  "roll_window_months": 24,
  "roll_min_train_periods": 22,
  "roll_gap": 0,
  "n_folds": 12,
  "wmape_mean": 33.089553764326425,
  "wmape_std": 5.064590319070863,
  "wmape_dec_mean": 28.91133596368794,
  "wmape_dec_std": 0.0,
  "wmape_peak_mean": 28.385881841850022,
  "wmape_peak_std": 0.5254541218379174,
  "optimal_trees": 2900
}