{
  "n_folds": 12,
  "wmape_overall": {
    "mean": 32.925344829099444,
    "std": 5.889720852396773
  },
  "wmape_weighted": 32.657519108097446,
  "wmape_peak_11_12": {
    "mean": 28.843647339295686,
    "std": 1.953512419602434
  },
  "wmape_dec": {
    "mean": 30.22498921832871,
    "std": 0.0
  },
  "bad_rate_wmape_ge_40": 0.08333333333333333
}