{
  "objective": "reg:absoluteerror",
  "eval_metric": "mae",
  "random_state": 42,
  "n_jobs": -1,
  "tree_method": "hist",
  "learning_rate": 0.05113387891377446,
  "n_estimators": 2900,
  "max_depth": 5,
  "min_child_weight": 9,
  "subsample": 0.8794801089744232,
  "colsample_bytree": 0.6316589069122592,
  "reg_lambda": 1.903953167094123,
  "reg_alpha": 0.021496725595452102,
  "gamma": 1.7569754159419537
}