{
  "n_folds": 12,
  "wmape_overall": {
    "mean": 33.37909758075604,
    "std": 6.293335182437586
  },
  "wmape_weighted": 33.22715290581467,
  "wmape_peak_11_12": {
    "mean": 30.323971020850664,
    "std": 1.309452813740519
  },
  "wmape_dec": {
    "mean": 31.249893985090388,
    "std": 0.0
  },
  "bad_rate_wmape_ge_40": 0.08333333333333333
}