{
  "roll_mode": "expanding",
  "roll_window_months": 24,
  "roll_min_train_periods": 22,
  "roll_gap": 0,
  "n_folds": 12,
  "wmape_mean": 33.37909758075604,
  "wmape_std": 6.025409701862424,
  "wmape_dec_mean": 31.249893985090388,
  "wmape_dec_std": 0.0,
  "wmape_peak_mean": 30.323971020850664,
  "wmape_peak_std": 0.9259229642397262,
  "optimal_trees": 2900
}