{
  "score": 34.53660571955519,
  "score_components": {
    "wmape_weighted": 33.22715290581467,
    "peak_std_11_12": 1.309452813740519,
    "dec_mean": 31.249893985090388
  },
  "tradeoff_lambda": 1.0
}