{
  "objective": "reg:absoluteerror",
  "eval_metric": "mae",
  "random_state": 42,
  "n_jobs": -1,
  "tree_method": "hist",
  "learning_rate": 0.13836778706599565,
  "n_estimators": 2900,
  "max_depth": 7,
  "min_child_weight": 4,
  "subsample": 0.999900550942902,
  "colsample_bytree": 0.6499807905560729,
  "reg_lambda": 3.3975471240502224,
  "reg_alpha": 1.8168690902608762,
  "gamma": 2.150486783926817
}