{
  "n_folds": 12,
  "wmape_overall": {
    "mean": 25.157263232371992,
    "std": 4.999623418600008
  },
  "wmape_weighted": 24.268026709157805,
  "wmape_base_overall": {
    "mean": NaN,
    "std": NaN
  },
  "wmape_base_weighted": NaN,
  "wmape_gain_overall": {
    "mean": NaN,
    "std": NaN
  },
  "wmape_gain_weighted": NaN,
  "wmape_peak_11_12": {
    "mean": 26.14407935108347,
    "std": 0.3118438689466348
  },
  "wmape_gain_peak_11_12": {
    "mean": NaN,
    "std": NaN
  },
  "wmape_nov": {
    "mean": 26.364586265487084,
    "std": 0.0
  },
  "wmape_dec": {
    "mean": 25.923572436679855,
    "std": 0.0
  },
  "gain_positive_rate": 0.0,
  "bad_rate_wmape_ge_40": 0.0,
  "corr_log_mean_abs": {
    "mean": NaN,
    "std": NaN
  },
  "phase3_score": 33.41923802923242,
  "phase3_score_components": {
    "wmape_weighted": 24.268026709157805,
    "peak_std_11_12": 0.3118438689466348,
    "dec_mean": 25.923572436679855
  },
  "phase3_score_coeff": {
    "peak_std_coef": 0.25,
    "dec_mean_coef": 0.35
  }
}