{
  "n_folds": 12,
  "wmape_overall": {
    "mean": 32.78033642030345,
    "std": 5.7523237445404405
  },
  "wmape_weighted": 32.285225262416894,
  "wmape_peak_11_12": {
    "mean": 27.605511483754654,
    "std": 0.9415615938421611
  },
  "wmape_dec": {
    "mean": 28.271296071665258,
    "std": 0.0
  },
  "bad_rate_wmape_ge_40": 0.08333333333333333
}