{
  "n_folds": 12,
  "wmape_overall": {
    "mean": 32.63423382141611,
    "std": 4.883570837411864
  },
  "wmape_weighted": 32.543794929242544,
  "wmape_peak_11_12": {
    "mean": 28.914039107907968,
    "std": 2.6014179625192786
  },
  "wmape_dec": {
    "mean": 30.753519389905843,
    "std": 0.0
  },
  "bad_rate_wmape_ge_40": 0.08333333333333333
}