{
  "score": 33.226786856259054,
  "score_components": {
    "wmape_weighted": 32.285225262416894,
    "peak_std_11_12": 0.9415615938421611,
    "dec_mean": 28.271296071665258
  },
  "tradeoff_lambda": 1.0
}