{
  "score": 35.14521289176182,
  "score_components": {
    "wmape_weighted": 32.543794929242544,
    "peak_std_11_12": 2.6014179625192786,
    "dec_mean": 30.753519389905843
  },
  "tradeoff_lambda": 1.0
}