{
  "objective": "reg:absoluteerror",
  "eval_metric": "mae",
  "random_state": 42,
  "n_jobs": -1,
  "tree_method": "hist",
  "learning_rate": 0.022816739880816207,
  "n_estimators": 750,
  "max_depth": 3,
  "min_child_weight": 11,
  "subsample": 0.7760609974958406,
  "colsample_bytree": 0.6488152939379115,
  "reg_lambda": 0.012987260139887716,
  "reg_alpha": 0.021223717067582068,
  "gamma": 2.7279612062363463
}