{
  "objective": "reg:absoluteerror",
  "eval_metric": "mae",
  "random_state": 42,
  "n_jobs": -1,
  "tree_method": "hist",
  "learning_rate": 0.011926324174062874,
  "n_estimators": 2900,
  "max_depth": 8,
  "min_child_weight": 15,
  "subsample": 0.9233589392465844,
  "colsample_bytree": 0.7218455076693483,
  "reg_lambda": 1.8141523033666782,
  "reg_alpha": 0.00028771223716237863,
  "gamma": 1.320457481218804
}