{
  "n_folds": 12,
  "wmape_overall": {
    "mean": 32.62642877891951,
    "std": 4.858933110097326
  },
  "wmape_weighted": 32.234635567331445,
  "wmape_peak_11_12": {
    "mean": 28.97502426998794,
    "std": 0.7501085095913986
  },
  "wmape_dec": {
    "mean": 29.505431083745755,
    "std": 0.0
  },
  "bad_rate_wmape_ge_40": 0.16666666666666666
}