{
  "roll_mode": "expanding",
  "roll_window_months": 24,
  "roll_min_train_periods": 22,
  "roll_gap": 0,
  "n_folds": 12,
  "wmape_mean": 32.62642877891951,
  "wmape_std": 4.6520742743819925,
  "wmape_dec_mean": 29.505431083745755,
  "wmape_dec_std": 0.0,
  "wmape_peak_mean": 28.97502426998794,
  "wmape_peak_std": 0.5304068137578124,
  "optimal_trees": 2900
}