{
  "objective": "reg:absoluteerror",
  "eval_metric": "mae",
  "random_state": 42,
  "n_jobs": -1,
  "tree_method": "hist",
  "learning_rate": 0.13658620880886177,
  "n_estimators": 2900,
  "max_depth": 4,
  "min_child_weight": 7,
  "subsample": 0.9735615880014616,
  "colsample_bytree": 0.6039106203340827,
  "reg_lambda": 9.231305002744824,
  "reg_alpha": 3.1027812361440237,
  "gamma": 2.071605336230283
}