{
  "n_folds": 12,
  "wmape_overall": {
    "mean": 33.11911696367201,
    "std": 5.261366073437833
  },
  "wmape_weighted": 32.808719815961624,
  "wmape_peak_11_12": {
    "mean": 29.516452526123096,
    "std": 0.0018977402093079173
  },
  "wmape_dec": {
    "mean": 29.515110621152164,
    "std": 0.0
  },
  "bad_rate_wmape_ge_40": 0.08333333333333333
}