{
  "n_folds": 12,
  "wmape_overall": {
    "mean": 33.29257876635323,
    "std": 5.28240601151341
  },
  "wmape_weighted": 32.81775028645162,
  "wmape_peak_11_12": {
    "mean": 29.904644926598188,
    "std": 0.9695395957104772
  },
  "wmape_dec": {
    "mean": 29.219076903842446,
    "std": 0.0
  },
  "bad_rate_wmape_ge_40": 0.08333333333333333
}