{
  "roll_mode": "expanding",
  "roll_window_months": 24,
  "roll_min_train_periods": 22,
  "roll_gap": 0,
  "n_folds": 12,
  "wmape_mean": 33.29257876635324,
  "wmape_std": 5.057518709597977,
  "wmape_dec_mean": 29.219076903842446,
  "wmape_dec_std": 0.0,
  "wmape_peak_mean": 29.904644926598188,
  "wmape_peak_std": 0.6855680227557421,
  "optimal_trees": 2900
}