{
  "roll_mode": "expanding",
  "roll_window_months": 24,
  "roll_min_train_periods": 22,
  "roll_gap": 0,
  "n_folds": 12,
  "wmape_mean": 33.119116963672006,
  "wmape_std": 5.037374502538905,
  "wmape_dec_mean": 29.515110621152164,
  "wmape_dec_std": 0.0,
  "wmape_peak_mean": 29.516452526123096,
  "wmape_peak_std": 0.0013419049709320063,
  "optimal_trees": 1550
}