{
  "score": 33.7872898821621,
  "score_components": {
    "wmape_weighted": 32.81775028645162,
    "peak_std_11_12": 0.9695395957104772,
    "dec_mean": 29.219076903842446
  },
  "tradeoff_lambda": 1.0
}