{
  "objective": "reg:absoluteerror",
  "eval_metric": "mae",
  "random_state": 42,
  "n_jobs": -1,
  "tree_method": "hist",
  "learning_rate": 0.10621551699215012,
  "n_estimators": 2900,
  "max_depth": 4,
  "min_child_weight": 13,
  "subsample": 0.7608872004100626,
  "colsample_bytree": 0.643246165921216,
  "reg_lambda": 0.29738724500868446,
  "reg_alpha": 0.03227196879426096,
  "gamma": 2.1838757132490225
}