{
  "objective": "reg:absoluteerror",
  "eval_metric": "mae",
  "random_state": 42,
  "n_jobs": -1,
  "tree_method": "hist",
  "learning_rate": 0.1116202764934063,
  "n_estimators": 1550,
  "max_depth": 4,
  "min_child_weight": 3,
  "subsample": 0.8910149050713664,
  "colsample_bytree": 0.9949725982120945,
  "reg_lambda": 0.5466191713068587,
  "reg_alpha": 0.10153155864512922,
  "gamma": 0.03486288488265976
}