{
  "n_folds": 12,
  "wmape_overall": {
    "mean": 32.648837667473934,
    "std": 5.456859300529253
  },
  "wmape_weighted": 32.43390224331463,
  "wmape_peak_11_12": {
    "mean": 29.24755444509433,
    "std": 1.0309859920141782
  },
  "wmape_dec": {
    "mean": 29.976571631355895,
    "std": 0.0
  },
  "bad_rate_wmape_ge_40": 0.08333333333333333
}