{
  "objective": "reg:absoluteerror",
  "eval_metric": "mae",
  "random_state": 42,
  "n_jobs": -1,
  "tree_method": "hist",
  "learning_rate": 0.03663441863014514,
  "n_estimators": 2900,
  "max_depth": 5,
  "min_child_weight": 15,
  "subsample": 0.8999382766761693,
  "colsample_bytree": 0.9660198444437713,
  "reg_lambda": 0.1751234097466469,
  "reg_alpha": 0.00045329954168761045,
  "gamma": 1.0285990115769028
}