{
  "n_folds": 12,
  "wmape_overall": {
    "mean": 33.14514174754485,
    "std": 5.67707150848343
  },
  "wmape_weighted": 32.9579401053634,
  "wmape_peak_11_12": {
    "mean": 29.5806362723368,
    "std": 1.489584401015901
  },
  "wmape_dec": {
    "mean": 30.633931503444845,
    "std": 0.0
  },
  "bad_rate_wmape_ge_40": 0.08333333333333333
}