{
  "n_folds": 12,
  "wmape_overall": {
    "mean": 33.03818206976009,
    "std": 5.58550556004823
  },
  "wmape_weighted": 32.62138053492306,
  "wmape_peak_11_12": {
    "mean": 28.672192872907146,
    "std": 1.370989686876645
  },
  "wmape_dec": {
    "mean": 29.641628977434443,
    "std": 0.0
  },
  "bad_rate_wmape_ge_40": 0.08333333333333333
}