{
  "roll_mode": "expanding",
  "roll_window_months": 24,
  "roll_min_train_periods": 22,
  "roll_gap": 0,
  "n_folds": 12,
  "wmape_mean": 33.03818206976008,
  "wmape_std": 5.347714433713923,
  "wmape_dec_mean": 29.641628977434443,
  "wmape_dec_std": 0.0,
  "wmape_peak_mean": 28.672192872907146,
  "wmape_peak_std": 0.969436104527297,
  "optimal_trees": 2900
}