{
  "score": 33.99237022179971,
  "score_components": {
    "wmape_weighted": 32.62138053492306,
    "peak_std_11_12": 1.370989686876645,
    "dec_mean": 29.641628977434443
  },
  "tradeoff_lambda": 1.0
}