{
  "objective": "reg:absoluteerror",
  "eval_metric": "mae",
  "random_state": 42,
  "n_jobs": -1,
  "tree_method": "hist",
  "learning_rate": 0.1486495141578628,
  "n_estimators": 1200,
  "max_depth": 6,
  "min_child_weight": 3,
  "subsample": 0.9014012717424869,
  "colsample_bytree": 0.6037223933376104,
  "reg_lambda": 0.07155967824546901,
  "reg_alpha": 0.00012774658422767826,
  "gamma": 0.41141609912878174
}