{
  "n_folds": 12,
  "wmape_overall": {
    "mean": 32.6338367290922,
    "std": 5.635477298808975
  },
  "wmape_weighted": 32.14995002779394,
  "wmape_peak_11_12": {
    "mean": 28.036188159827816,
    "std": 0.8508398859518744
  },
  "wmape_dec": {
    "mean": 28.637822812888373,
    "std": 0.0
  },
  "bad_rate_wmape_ge_40": 0.08333333333333333
}