{
  "n_folds": 12,
  "wmape_overall": {
    "mean": 32.972247311502336,
    "std": 5.376934662762435
  },
  "wmape_weighted": 32.74983465389175,
  "wmape_peak_11_12": {
    "mean": 28.63342443766494,
    "std": 2.2181678684546773
  },
  "wmape_dec": {
    "mean": 30.20190597925935,
    "std": 0.0
  },
  "bad_rate_wmape_ge_40": 0.08333333333333333
}