{
  "roll_mode": "expanding",
  "roll_window_months": 24,
  "roll_min_train_periods": 22,
  "roll_gap": 0,
  "n_folds": 12,
  "wmape_mean": 32.6338367290922,
  "wmape_std": 5.395558731025178,
  "wmape_dec_mean": 28.637822812888373,
  "wmape_dec_std": 0.0,
  "wmape_peak_mean": 28.036188159827816,
  "wmape_peak_std": 0.6016346530605592,
  "optimal_trees": 2900
}