{
  "score": 33.00078991374582,
  "score_components": {
    "wmape_weighted": 32.14995002779394,
    "peak_std_11_12": 0.8508398859518744,
    "dec_mean": 28.637822812888373
  },
  "tradeoff_lambda": 1.0
}