{
  "objective": "reg:absoluteerror",
  "eval_metric": "mae",
  "random_state": 42,
  "n_jobs": -1,
  "tree_method": "hist",
  "learning_rate": 0.030201637521694878,
  "n_estimators": 2900,
  "max_depth": 3,
  "min_child_weight": 6,
  "subsample": 0.9294779301383035,
  "colsample_bytree": 0.6794868646792297,
  "reg_lambda": 0.13144406752965293,
  "reg_alpha": 1.9009354740193245,
  "gamma": 2.330498431972522
}