{
  "objective": "reg:absoluteerror",
  "eval_metric": "mae",
  "random_state": 42,
  "n_jobs": -1,
  "tree_method": "hist",
  "learning_rate": 0.052773244686780685,
  "n_estimators": 1800,
  "max_depth": 7,
  "min_child_weight": 2,
  "subsample": 0.8318848481788107,
  "colsample_bytree": 0.9582755432719667,
  "reg_lambda": 0.07215056068606322,
  "reg_alpha": 0.03179700898314784,
  "gamma": 2.2831788434275944
}