{
  "n_folds": 34,
  "wmape_overall": {
    "mean": 33.82117497052617,
    "std": 12.365573747759795
  },
  "wmape_weighted": 33.59526139648362,
  "wmape_peak_11_12": {
    "mean": 33.66453294736252,
    "std": 7.274862037530928
  },
  "wmape_nov": {
    "mean": 35.97044589963076,
    "std": 11.321034693776307
  },
  "wmape_dec": {
    "mean": 31.35861999509428,
    "std": 3.055501314659417
  },
  "wmape_jan": {
    "mean": 62.1429120636947,
    "std": 22.020518210425546
  },
  "wmape_feb": {
    "mean": 37.175664609349575,
    "std": 7.9667345878312
  },
  "bad_rate_wmape_ge_40": 0.20588235294117646,
  "wmape_janfeb": {
    "mean": 49.65928833652214,
    "std": 20.158320032517654
  },
  "coverage_months": {
    "jan": 3,
    "feb": 3,
    "nov": 2,
    "dec": 2,
    "peak_11_12": 4
  },
  "phase3_score": 46.389493904149354,
  "phase3_score_components": {
    "wmape_weighted": 33.59526139648362,
    "peak_std_11_12": 7.274862037530928,
    "dec_mean": 31.35861999509428
  },
  "phase3_score_coeff": {
    "peak_std_coef": 0.25,
    "dec_mean_coef": 0.35
  }
}