{
  "n_folds": 12,
  "wmape_overall": {
    "mean": 33.356586265330336,
    "std": 5.562904898851769
  },
  "wmape_weighted": 32.99912908229443,
  "wmape_peak_11_12": {
    "mean": 29.6186780882203,
    "std": 0.987278791159007
  },
  "wmape_dec": {
    "mean": 30.316789616370492,
    "std": 0.0
  },
  "bad_rate_wmape_ge_40": 0.08333333333333333
}