{
  "roll_mode": "expanding",
  "roll_window_months": 24,
  "roll_min_train_periods": 22,
  "roll_gap": 0,
  "n_folds": 12,
  "wmape_mean": 33.35658626533034,
  "wmape_std": 5.326075948031213,
  "wmape_dec_mean": 30.316789616370492,
  "wmape_dec_std": 0.0,
  "wmape_peak_mean": 29.6186780882203,
  "wmape_peak_std": 0.6981115281501911,
  "optimal_trees": 2900
}