{
  "objective": "reg:absoluteerror",
  "eval_metric": "mae",
  "random_state": 42,
  "n_jobs": -1,
  "tree_method": "hist",
  "learning_rate": 0.11311250110124992,
  "n_estimators": 2900,
  "max_depth": 4,
  "min_child_weight": 7,
  "subsample": 0.9142919806189996,
  "colsample_bytree": 0.7484000545386085,
  "reg_lambda": 3.141798823296713,
  "reg_alpha": 2.0540118260020295,
  "gamma": 1.791779009739883
}