{
  "n_folds": 12,
  "wmape_overall": {
    "mean": 33.06506551113204,
    "std": 6.34816847722802
  },
  "wmape_weighted": 32.710769581758754,
  "wmape_base_overall": {
    "mean": NaN,
    "std": NaN
  },
  "wmape_base_weighted": NaN,
  "wmape_gain_overall": {
    "mean": NaN,
    "std": NaN
  },
  "wmape_gain_weighted": NaN,
  "wmape_peak_11_12": {
    "mean": 28.369292245019437,
    "std": 0.06410800477873431
  },
  "wmape_gain_peak_11_12": {
    "mean": NaN,
    "std": NaN
  },
  "wmape_nov": {
    "mean": 28.323961040112057,
    "std": 0.0
  },
  "wmape_dec": {
    "mean": 28.41462344992682,
    "std": 0.0
  },
  "gain_positive_rate": 0.0,
  "bad_rate_wmape_ge_40": 0.08333333333333333,
  "corr_log_mean_abs": {
    "mean": NaN,
    "std": NaN
  },
  "phase3_score": 42.67191479042783,
  "phase3_score_components": {
    "wmape_weighted": 32.710769581758754,
    "peak_std_11_12": 0.06410800477873431,
    "dec_mean": 28.41462344992682
  },
  "phase3_score_coeff": {
    "peak_std_coef": 0.25,
    "dec_mean_coef": 0.35
  }
}