{
  "roll_mode": "expanding",
  "roll_window_months": 24,
  "roll_min_train_periods": 22,
  "roll_gap": 0,
  "n_folds": 12,
  "wmape_mean": 33.06506551113204,
  "wmape_std": 6.07790858470238,
  "wmape_dec_mean": 28.41462344992682,
  "wmape_dec_std": 0.0,
  "wmape_peak_mean": 28.369292245019437,
  "wmape_peak_std": 0.04533120490738263
}