{
  "n_folds": 12,
  "wmape_overall": {
    "mean": 32.85162813733822,
    "std": 4.986911032620491
  },
  "wmape_weighted": 32.562815920911675,
  "wmape_peak_11_12": {
    "mean": 29.432010421061797,
    "std": 0.06590754312545317
  },
  "wmape_dec": {
    "mean": 29.385406750386444,
    "std": 0.0
  },
  "bad_rate_wmape_ge_40": 0.08333333333333333
}