{
  "roll_mode": "expanding",
  "roll_window_months": 24,
  "roll_min_train_periods": 22,
  "roll_gap": 0,
  "n_folds": 12,
  "wmape_mean": 32.85162813733822,
  "wmape_std": 4.774603806600012,
  "wmape_dec_mean": 29.385406750386444,
  "wmape_dec_std": 0.0,
  "wmape_peak_mean": 29.432010421061797,
  "wmape_peak_std": 0.04660367067535276,
  "optimal_trees": 2900
}