{
  "objective": "reg:absoluteerror",
  "eval_metric": "mae",
  "random_state": 42,
  "n_jobs": -1,
  "tree_method": "hist",
  "learning_rate": 0.13481368890952847,
  "n_estimators": 2900,
  "max_depth": 4,
  "min_child_weight": 7,
  "subsample": 0.9896027269728331,
  "colsample_bytree": 0.6818725373525558,
  "reg_lambda": 0.06523871764638925,
  "reg_alpha": 0.13589720632804664,
  "gamma": 2.1181338709061728
}