{
  "n_folds": 12,
  "wmape_overall": {
    "mean": 32.57257888382049,
    "std": 4.912038259350139
  },
  "wmape_weighted": 32.26899568225086,
  "wmape_peak_11_12": {
    "mean": 28.841246561435177,
    "std": 1.760023676579426
  },
  "wmape_dec": {
    "mean": 30.085771238193367,
    "std": 0.0
  },
  "bad_rate_wmape_ge_40": 0.08333333333333333
}