{
  "n_folds": 12,
  "wmape_overall": {
    "mean": 32.81123216520639,
    "std": 5.598848884293097
  },
  "wmape_weighted": 32.719540387619745,
  "wmape_peak_11_12": {
    "mean": 29.836504544143153,
    "std": 3.172873566156076
  },
  "wmape_dec": {
    "mean": 32.08006495861966,
    "std": 0.0
  },
  "bad_rate_wmape_ge_40": 0.08333333333333333
}