{
  "roll_mode": "expanding",
  "roll_window_months": 24,
  "roll_min_train_periods": 22,
  "roll_gap": 0,
  "n_folds": 12,
  "wmape_mean": 32.57257888382049,
  "wmape_std": 4.702918583838081,
  "wmape_dec_mean": 30.085771238193367,
  "wmape_dec_std": 0.0,
  "wmape_peak_mean": 28.841246561435177,
  "wmape_peak_std": 1.244524676758191,
  "optimal_trees": 2900
}