{
  "score": 34.02901935883029,
  "score_components": {
    "wmape_weighted": 32.26899568225086,
    "peak_std_11_12": 1.760023676579426,
    "dec_mean": 30.085771238193367
  },
  "tradeoff_lambda": 1.0
}