{
  "objective": "reg:absoluteerror",
  "eval_metric": "mae",
  "random_state": 42,
  "n_jobs": -1,
  "tree_method": "hist",
  "learning_rate": 0.013936878773257578,
  "n_estimators": 2900,
  "max_depth": 6,
  "min_child_weight": 14,
  "subsample": 0.9136870821674049,
  "colsample_bytree": 0.8623717724013535,
  "reg_lambda": 0.016051338499677947,
  "reg_alpha": 0.0012953943598350414,
  "gamma": 1.9259540937442177
}