{
  "objective": "reg:absoluteerror",
  "eval_metric": "mae",
  "random_state": 42,
  "n_jobs": -1,
  "tree_method": "hist",
  "learning_rate": 0.08362027443561612,
  "n_estimators": 1400,
  "max_depth": 8,
  "min_child_weight": 10,
  "subsample": 0.6946932626317113,
  "colsample_bytree": 0.6249026823455293,
  "reg_lambda": 13.259315861020015,
  "reg_alpha": 0.10391227155592893,
  "gamma": 2.8672607887415182
}