{
  "n_folds": 12,
  "wmape_overall": {
    "mean": 34.16371875134241,
    "std": 6.558356187882665
  },
  "wmape_weighted": 34.24729681262654,
  "wmape_peak_11_12": {
    "mean": 32.21941989335154,
    "std": 1.636368367411045
  },
  "wmape_dec": {
    "mean": 33.37650706246705,
    "std": 0.0
  },
  "bad_rate_wmape_ge_40": 0.08333333333333333
}