{
  "roll_mode": "expanding",
  "roll_window_months": 24,
  "roll_min_train_periods": 22,
  "roll_gap": 0,
  "n_folds": 12,
  "wmape_mean": 34.16371875134241,
  "wmape_std": 6.279147996600383,
  "wmape_dec_mean": 33.37650706246705,
  "wmape_dec_std": 0.0,
  "wmape_peak_mean": 32.21941989335154,
  "wmape_peak_std": 1.1570871691155098,
  "optimal_trees": 2900
}