{
  "objective": "reg:absoluteerror",
  "eval_metric": "mae",
  "random_state": 42,
  "n_jobs": -1,
  "tree_method": "hist",
  "learning_rate": 0.12628070696695773,
  "n_estimators": 2900,
  "max_depth": 8,
  "min_child_weight": 3,
  "subsample": 0.7858819666341408,
  "colsample_bytree": 0.7392922529547561,
  "reg_lambda": 0.031039660613684076,
  "reg_alpha": 0.0015762169503051396,
  "gamma": 0.5973494123955597
}