{
  "n_folds": 21,
  "wmape_overall": {
    "mean": 32.8403653312556,
    "std": 7.76496939610466
  },
  "wmape_weighted": 32.03231772393289,
  "wmape_base_overall": {
    "mean": NaN,
    "std": NaN
  },
  "wmape_base_weighted": NaN,
  "wmape_gain_overall": {
    "mean": NaN,
    "std": NaN
  },
  "wmape_gain_weighted": NaN,
  "wmape_peak_11_12": {
    "mean": 33.921901654301344,
    "std": 1.2464819773473004
  },
  "wmape_gain_peak_11_12": {
    "mean": NaN,
    "std": NaN
  },
  "wmape_nov": {
    "mean": 34.80329751311044,
    "std": 0.0
  },
  "wmape_dec": {
    "mean": 33.04050579549225,
    "std": 0.0
  },
  "gain_positive_rate": 0.0,
  "bad_rate_wmape_ge_40": 0.09523809523809523,
  "corr_log_mean_abs": {
    "mean": NaN,
    "std": NaN
  },
  "phase3_score": 43.908115246692,
  "phase3_score_components": {
    "wmape_weighted": 32.03231772393289,
    "peak_std_11_12": 1.2464819773473004,
    "dec_mean": 33.04050579549225
  },
  "phase3_score_coeff": {
    "peak_std_coef": 0.25,
    "dec_mean_coef": 0.35
  }
}