{
  "n_folds": 12,
  "wmape_overall": {
    "mean": 32.86006739699469,
    "std": 5.380621444949637
  },
  "wmape_weighted": 32.5139151312196,
  "wmape_peak_11_12": {
    "mean": 28.647195658784284,
    "std": 1.1783122594162247
  },
  "wmape_dec": {
    "mean": 29.480388247772737,
    "std": 0.0
  },
  "bad_rate_wmape_ge_40": 0.08333333333333333
}