{
  "roll_mode": "expanding",
  "roll_window_months": 24,
  "roll_min_train_periods": 22,
  "roll_gap": 0,
  "n_folds": 12,
  "wmape_mean": 32.86006739699469,
  "wmape_std": 5.1515528279698595,
  "wmape_dec_mean": 29.480388247772737,
  "wmape_dec_std": 0.0,
  "wmape_peak_mean": 28.647195658784284,
  "wmape_peak_std": 0.8331925889884548,
  "optimal_trees": 2900
}