{
  "n_folds": 12,
  "wmape_overall": {
    "mean": 32.55166275287145,
    "std": 6.000522607523146
  },
  "wmape_weighted": 32.26256217852391,
  "wmape_peak_11_12": {
    "mean": 28.175433785796628,
    "std": 0.6767012074961205
  },
  "wmape_dec": {
    "mean": 28.653933798454258,
    "std": 0.0
  },
  "bad_rate_wmape_ge_40": 0.08333333333333333
}