{
  "roll_mode": "expanding",
  "roll_window_months": 24,
  "roll_min_train_periods": 22,
  "roll_gap": 0,
  "n_folds": 12,
  "wmape_mean": 32.55166275287146,
  "wmape_std": 5.745063005147406,
  "wmape_dec_mean": 28.653933798454258,
  "wmape_dec_std": 0.0,
  "wmape_peak_mean": 28.175433785796628,
  "wmape_peak_std": 0.47850001265763176,
  "optimal_trees": 2900
}