{
  "objective": "reg:absoluteerror",
  "eval_metric": "mae",
  "random_state": 42,
  "n_jobs": -1,
  "tree_method": "hist",
  "learning_rate": 0.042419101753186264,
  "n_estimators": 2900,
  "max_depth": 4,
  "min_child_weight": 3,
  "subsample": 0.7405778930417171,
  "colsample_bytree": 0.8017556120432754,
  "reg_lambda": 0.3217623111720225,
  "reg_alpha": 0.016337590340334315,
  "gamma": 2.10342933701168
}