{
  "n_folds": 12,
  "wmape_overall": {
    "mean": 32.43621746026957,
    "std": 5.24864471532796
  },
  "wmape_weighted": 32.141376047159596,
  "wmape_peak_11_12": {
    "mean": 28.362986253872677,
    "std": 1.9931449841038267
  },
  "wmape_dec": {
    "mean": 29.772352588020446,
    "std": 0.0
  },
  "bad_rate_wmape_ge_40": 0.08333333333333333
}