{
  "n_folds": 12,
  "wmape_overall": {
    "mean": 33.14817336127824,
    "std": 6.748501240880593
  },
  "wmape_weighted": 32.65476098251301,
  "wmape_peak_11_12": {
    "mean": 28.133978433110965,
    "std": 1.739617252927112
  },
  "wmape_dec": {
    "mean": 29.36407358932484,
    "std": 0.0
  },
  "bad_rate_wmape_ge_40": 0.08333333333333333
}