{
  "roll_mode": "expanding",
  "roll_window_months": 24,
  "roll_min_train_periods": 22,
  "roll_gap": 0,
  "n_folds": 12,
  "wmape_mean": 32.43621746026957,
  "wmape_std": 5.025194729437038,
  "wmape_dec_mean": 29.772352588020446,
  "wmape_dec_std": 0.0,
  "wmape_peak_mean": 28.362986253872677,
  "wmape_peak_std": 1.4093663341477694,
  "optimal_trees": 1450
}