{
  "roll_mode": "expanding",
  "roll_window_months": 24,
  "roll_min_train_periods": 22,
  "roll_gap": 0,
  "n_folds": 12,
  "wmape_mean": 33.14817336127823,
  "wmape_std": 6.461198024746364,
  "wmape_dec_mean": 29.36407358932484,
  "wmape_dec_std": 0.0,
  "wmape_peak_mean": 28.133978433110965,
  "wmape_peak_std": 1.2300951562138742,
  "optimal_trees": 2900
}