{
  "score": 34.39437823544012,
  "score_components": {
    "wmape_weighted": 32.65476098251301,
    "peak_std_11_12": 1.739617252927112,
    "dec_mean": 29.36407358932484
  },
  "tradeoff_lambda": 1.0
}