{
  "objective": "reg:absoluteerror",
  "eval_metric": "mae",
  "random_state": 42,
  "n_jobs": -1,
  "tree_method": "hist",
  "learning_rate": 0.01374574330048945,
  "n_estimators": 1450,
  "max_depth": 4,
  "min_child_weight": 7,
  "subsample": 0.7553082698269052,
  "colsample_bytree": 0.7406086632532847,
  "reg_lambda": 4.515049269460555,
  "reg_alpha": 4.145842262233755,
  "gamma": 1.185922127806975
}