{
  "objective": "reg:absoluteerror",
  "eval_metric": "mae",
  "random_state": 42,
  "n_jobs": -1,
  "tree_method": "hist",
  "learning_rate": 0.07752691918609134,
  "n_estimators": 2900,
  "max_depth": 3,
  "min_child_weight": 5,
  "subsample": 0.9914618266037012,
  "colsample_bytree": 0.6185797583220249,
  "reg_lambda": 0.01338576295264305,
  "reg_alpha": 0.006439679936871292,
  "gamma": 2.322863083397387
}