{
  "n_folds": 12,
  "wmape_overall": {
    "mean": 33.03993628380382,
    "std": 6.313887418357434
  },
  "wmape_weighted": 32.69215577994057,
  "wmape_base_overall": {
    "mean": NaN,
    "std": NaN
  },
  "wmape_base_weighted": NaN,
  "wmape_gain_overall": {
    "mean": NaN,
    "std": NaN
  },
  "wmape_gain_weighted": NaN,
  "wmape_peak_11_12": {
    "mean": 28.366743282421996,
    "std": 0.08024052900490454
  },
  "wmape_gain_peak_11_12": {
    "mean": NaN,
    "std": NaN
  },
  "wmape_nov": {
    "mean": 28.310004660236633,
    "std": 0.0
  },
  "wmape_dec": {
    "mean": 28.42348190460736,
    "std": 0.0
  },
  "gain_positive_rate": 0.0,
  "bad_rate_wmape_ge_40": 0.08333333333333333,
  "corr_log_mean_abs": {
    "mean": NaN,
    "std": NaN
  },
  "phase3_score": 42.66043457880437,
  "phase3_score_components": {
    "wmape_weighted": 32.69215577994057,
    "peak_std_11_12": 0.08024052900490454,
    "dec_mean": 28.42348190460736
  },
  "phase3_score_coeff": {
    "peak_std_coef": 0.25,
    "dec_mean_coef": 0.35
  }
}