{
  "n_folds": 12,
  "wmape_overall": {
    "mean": 32.62740330189969,
    "std": 5.53728624250729
  },
  "wmape_weighted": 32.494509197569975,
  "wmape_peak_11_12": {
    "mean": 29.27952536020596,
    "std": 2.174160139017595
  },
  "wmape_dec": {
    "mean": 30.816888737890785,
    "std": 0.0
  },
  "bad_rate_wmape_ge_40": 0.08333333333333333
}