{
  "n_folds": 12,
  "wmape_overall": {
    "mean": 33.53323932381094,
    "std": 5.26384679086856
  },
  "wmape_weighted": 33.17288380990111,
  "wmape_peak_11_12": {
    "mean": 29.531623870833027,
    "std": 2.031515120316985
  },
  "wmape_dec": {
    "mean": 30.96812198849217,
    "std": 0.0
  },
  "bad_rate_wmape_ge_40": 0.08333333333333333
}