{
  "roll_mode": "expanding",
  "roll_window_months": 24,
  "roll_min_train_periods": 22,
  "roll_gap": 0,
  "n_folds": 12,
  "wmape_mean": 32.62740330189968,
  "wmape_std": 5.301547951982714,
  "wmape_dec_mean": 30.816888737890785,
  "wmape_dec_std": 0.0,
  "wmape_peak_mean": 29.27952536020596,
  "wmape_peak_std": 1.5373633776848283,
  "optimal_trees": 1700
}