{
  "score": 35.20439893021809,
  "score_components": {
    "wmape_weighted": 33.17288380990111,
    "peak_std_11_12": 2.031515120316985,
    "dec_mean": 30.96812198849217
  },
  "tradeoff_lambda": 1.0
}