{
  "score": 34.66866933658757,
  "score_components": {
    "wmape_weighted": 32.494509197569975,
    "peak_std_11_12": 2.174160139017595,
    "dec_mean": 30.816888737890785
  },
  "tradeoff_lambda": 1.0
}