{
  "objective": "reg:absoluteerror",
  "eval_metric": "mae",
  "random_state": 42,
  "n_jobs": -1,
  "tree_method": "hist",
  "learning_rate": 0.04025192252635066,
  "n_estimators": 1700,
  "max_depth": 6,
  "min_child_weight": 1,
  "subsample": 0.8430179407605753,
  "colsample_bytree": 0.6682096494749166,
  "reg_lambda": 13.561246837383383,
  "reg_alpha": 0.00020215080921812391,
  "gamma": 2.896896099223678
}