{
  "objective": "reg:absoluteerror",
  "eval_metric": "mae",
  "random_state": 42,
  "n_jobs": -1,
  "tree_method": "hist",
  "learning_rate": 0.03438586247938296,
  "n_estimators": 2900,
  "max_depth": 7,
  "min_child_weight": 3,
  "subsample": 0.8056937753654446,
  "colsample_bytree": 0.836965827544817,
  "reg_lambda": 1.0128002032729382,
  "reg_alpha": 0.0001652985698323788,
  "gamma": 0.5115723710618746
}