{
  "n_folds": 12,
  "wmape_overall": {
    "mean": 32.65575281435969,
    "std": 6.245422752547482
  },
  "wmape_weighted": 32.56613057229755,
  "wmape_peak_11_12": {
    "mean": 28.437391335988607,
    "std": 1.7193039050442758
  },
  "wmape_dec": {
    "mean": 29.653122786165927,
    "std": 0.0
  },
  "bad_rate_wmape_ge_40": 0.08333333333333333
}