{
  "n_folds": 12,
  "wmape_overall": {
    "mean": 32.56029751170186,
    "std": 4.984765967357365
  },
  "wmape_weighted": 32.331741953832406,
  "wmape_peak_11_12": {
    "mean": 28.923381827736883,
    "std": 1.9415464908520925
  },
  "wmape_dec": {
    "mean": 30.296262517407342,
    "std": 0.0
  },
  "bad_rate_wmape_ge_40": 0.08333333333333333
}