{
  "roll_mode": "expanding",
  "roll_window_months": 24,
  "roll_min_train_periods": 22,
  "roll_gap": 0,
  "n_folds": 12,
  "wmape_mean": 32.65575281435968,
  "wmape_std": 5.979537042687163,
  "wmape_dec_mean": 29.653122786165927,
  "wmape_dec_std": 0.0,
  "wmape_peak_mean": 28.437391335988607,
  "wmape_peak_std": 1.2157314501773193,
  "optimal_trees": 2900
}