{
  "score": 34.28543447734183,
  "score_components": {
    "wmape_weighted": 32.56613057229755,
    "peak_std_11_12": 1.7193039050442758,
    "dec_mean": 29.653122786165927
  },
  "tradeoff_lambda": 1.0
}