{
  "objective": "reg:absoluteerror",
  "eval_metric": "mae",
  "random_state": 42,
  "n_jobs": -1,
  "tree_method": "hist",
  "learning_rate": 0.07449966263074331,
  "n_estimators": 2900,
  "max_depth": 7,
  "min_child_weight": 7,
  "subsample": 0.6748525308080242,
  "colsample_bytree": 0.8554914713073702,
  "reg_lambda": 0.31346005011071754,
  "reg_alpha": 0.00016666421552325768,
  "gamma": 1.499043638194836
}