{
  "n_folds": 12,
  "wmape_overall": {
    "mean": 33.08045439722405,
    "std": 5.979583262724407
  },
  "wmape_weighted": 32.81278021688082,
  "wmape_peak_11_12": {
    "mean": 29.730597073098078,
    "std": 1.0611877864848613
  },
  "wmape_dec": {
    "mean": 30.480970153033866,
    "std": 0.0
  },
  "bad_rate_wmape_ge_40": 0.08333333333333333
}