{
  "roll_mode": "expanding",
  "roll_window_months": 24,
  "roll_min_train_periods": 22,
  "roll_gap": 0,
  "n_folds": 12,
  "wmape_mean": 33.08045439722405,
  "wmape_std": 5.725015108818437,
  "wmape_dec_mean": 30.480970153033866,
  "wmape_dec_std": 0.0,
  "wmape_peak_mean": 29.730597073098078,
  "wmape_peak_std": 0.7503730799357875,
  "optimal_trees": 2900
}