{
  "objective": "reg:absoluteerror",
  "eval_metric": "mae",
  "random_state": 42,
  "n_jobs": -1,
  "tree_method": "hist",
  "learning_rate": 0.10136342578869961,
  "n_estimators": 2900,
  "max_depth": 6,
  "min_child_weight": 3,
  "subsample": 0.9627783749511003,
  "colsample_bytree": 0.6728189198874727,
  "reg_lambda": 4.5133174000473755,
  "reg_alpha": 0.049156878766613635,
  "gamma": 1.613927980934034
}