{
  "n_folds": 12,
  "wmape_overall": {
    "mean": 32.72602260422388,
    "std": 4.747161906258703
  },
  "wmape_weighted": 32.5944228292792,
  "wmape_peak_11_12": {
    "mean": 30.00354775400639,
    "std": 1.5394816311772863
  },
  "wmape_dec": {
    "mean": 31.09212565492398,
    "std": 0.0
  },
  "bad_rate_wmape_ge_40": 0.08333333333333333
}