{
  "objective": "reg:absoluteerror",
  "eval_metric": "mae",
  "random_state": 42,
  "n_jobs": -1,
  "tree_method": "hist",
  "learning_rate": 0.036198703141300366,
  "n_estimators": 2900,
  "max_depth": 7,
  "min_child_weight": 2,
  "subsample": 0.7521310186804605,
  "colsample_bytree": 0.8335357673930816,
  "reg_lambda": 0.049349980922578536,
  "reg_alpha": 1.828533760282172,
  "gamma": 0.03224721648096085
}