{
  "n_folds": 12,
  "wmape_overall": {
    "mean": 32.96427015647044,
    "std": 5.2198953879101335
  },
  "wmape_weighted": 32.452626383300064,
  "wmape_peak_11_12": {
    "mean": 28.909813654834515,
    "std": 1.5792810993551922
  },
  "wmape_dec": {
    "mean": 30.026534029588316,
    "std": 0.0
  },
  "bad_rate_wmape_ge_40": 0.08333333333333333
}