{
  "n_folds": 12,
  "wmape_overall": {
    "mean": 32.70298354711699,
    "std": 5.193893108788733
  },
  "wmape_weighted": 32.62361134753072,
  "wmape_peak_11_12": {
    "mean": 29.640415309610077,
    "std": 3.048922428146425
  },
  "wmape_dec": {
    "mean": 31.79632903386417,
    "std": 0.0
  },
  "bad_rate_wmape_ge_40": 0.08333333333333333
}