{
  "n_folds": 12,
  "wmape_overall": {
    "mean": 33.07776516516801,
    "std": 5.325413867213694
  },
  "wmape_weighted": 32.70506133019431,
  "wmape_peak_11_12": {
    "mean": 29.89076257414413,
    "std": 0.5794403056265237
  },
  "wmape_dec": {
    "mean": 30.30048874354545,
    "std": 0.0
  },
  "bad_rate_wmape_ge_40": 0.16666666666666666
}