{
  "roll_mode": "expanding",
  "roll_window_months": 24,
  "roll_min_train_periods": 22,
  "roll_gap": 0,
  "n_folds": 12,
  "wmape_mean": 33.07776516516801,
  "wmape_std": 5.098695596491902,
  "wmape_dec_mean": 30.30048874354545,
  "wmape_dec_std": 0.0,
  "wmape_peak_mean": 29.89076257414413,
  "wmape_peak_std": 0.40972616940132056,
  "optimal_trees": 2900
}