{
  "score": 35.672533775677145,
  "score_components": {
    "wmape_weighted": 32.62361134753072,
    "peak_std_11_12": 3.048922428146425,
    "dec_mean": 31.79632903386417
  },
  "tradeoff_lambda": 1.0
}