{
  "score": 33.28450163582084,
  "score_components": {
    "wmape_weighted": 32.70506133019431,
    "peak_std_11_12": 0.5794403056265237,
    "dec_mean": 30.30048874354545
  },
  "tradeoff_lambda": 1.0
}