{
  "objective": "reg:absoluteerror",
  "eval_metric": "mae",
  "random_state": 42,
  "n_jobs": -1,
  "tree_method": "hist",
  "learning_rate": 0.09632149368568153,
  "n_estimators": 900,
  "max_depth": 6,
  "min_child_weight": 1,
  "subsample": 0.6862210412517852,
  "colsample_bytree": 0.8642396983313831,
  "reg_lambda": 0.5371296071414579,
  "reg_alpha": 0.0514122797652288,
  "gamma": 2.1808942553641333
}