{
  "objective": "reg:absoluteerror",
  "eval_metric": "mae",
  "random_state": 42,
  "n_jobs": -1,
  "tree_method": "hist",
  "learning_rate": 0.12666524992166653,
  "n_estimators": 2900,
  "max_depth": 4,
  "min_child_weight": 13,
  "subsample": 0.7792366116605901,
  "colsample_bytree": 0.6566336966609405,
  "reg_lambda": 0.03824425531610735,
  "reg_alpha": 0.3627013007684184,
  "gamma": 2.3871440271754074
}