{
  "n_folds": 12,
  "wmape_overall": {
    "mean": 33.12813697317892,
    "std": 5.922013867227027
  },
  "wmape_weighted": 32.518615388074316,
  "wmape_peak_11_12": {
    "mean": 27.092151040157606,
    "std": 0.9174265189431502
  },
  "wmape_dec": {
    "mean": 27.740869552942677,
    "std": 0.0
  },
  "bad_rate_wmape_ge_40": 0.08333333333333333
}