{
  "score": 33.43604190701747,
  "score_components": {
    "wmape_weighted": 32.518615388074316,
    "peak_std_11_12": 0.9174265189431502,
    "dec_mean": 27.740869552942677
  },
  "tradeoff_lambda": 1.0
}