{
  "objective": "reg:absoluteerror",
  "eval_metric": "mae",
  "random_state": 42,
  "n_jobs": -1,
  "tree_method": "hist",
  "learning_rate": 0.13115983853082974,
  "n_estimators": 2900,
  "max_depth": 3,
  "min_child_weight": 4,
  "subsample": 0.9880690107238083,
  "colsample_bytree": 0.6020350882964158,
  "reg_lambda": 8.059325537613313,
  "reg_alpha": 0.15712620571707872,
  "gamma": 2.273091048464364
}