{
  "n_folds": 12,
  "wmape_overall": {
    "mean": 34.11218793878485,
    "std": 6.5791573360887625
  },
  "wmape_weighted": 33.68870941415761,
  "wmape_peak_11_12": {
    "mean": 28.898761994655366,
    "std": 2.8898174129554235
  },
  "wmape_dec": {
    "mean": 30.94217148374711,
    "std": 0.0
  },
  "bad_rate_wmape_ge_40": 0.08333333333333333
}