{
  "roll_mode": "expanding",
  "roll_window_months": 24,
  "roll_min_train_periods": 22,
  "roll_gap": 0,
  "n_folds": 12,
  "wmape_mean": 34.11218793878485,
  "wmape_std": 6.299063579765358,
  "wmape_dec_mean": 30.94217148374711,
  "wmape_dec_std": 0.0,
  "wmape_peak_mean": 28.898761994655366,
  "wmape_peak_std": 2.0434094890917454,
  "optimal_trees": 2900
}