{
  "n_folds": 12,
  "wmape_overall": {
    "mean": 32.69002239650368,
    "std": 5.763442605395449
  },
  "wmape_weighted": 32.33265775931725,
  "wmape_peak_11_12": {
    "mean": 29.149918614864596,
    "std": 0.043733933102567846
  },
  "wmape_dec": {
    "mean": 29.118994054199813,
    "std": 0.0
  },
  "bad_rate_wmape_ge_40": 0.16666666666666666
}