{
  "roll_mode": "expanding",
  "roll_window_months": 24,
  "roll_min_train_periods": 22,
  "roll_gap": 0,
  "n_folds": 12,
  "wmape_mean": 32.69002239650367,
  "wmape_std": 5.5180761844034185,
  "wmape_dec_mean": 29.118994054199813,
  "wmape_dec_std": 0.0,
  "wmape_peak_mean": 29.149918614864596,
  "wmape_peak_std": 0.03092456066478455,
  "optimal_trees": 2900
}