{
  "objective": "reg:absoluteerror",
  "eval_metric": "mae",
  "random_state": 42,
  "n_jobs": -1,
  "tree_method": "hist",
  "learning_rate": 0.1353463149112721,
  "n_estimators": 2900,
  "max_depth": 3,
  "min_child_weight": 4,
  "subsample": 0.9841458289243261,
  "colsample_bytree": 0.6446993323973644,
  "reg_lambda": 6.822172388876352,
  "reg_alpha": 0.06544371038930302,
  "gamma": 1.8959391953521427
}