{
  "n_folds": 12,
  "wmape_overall": {
    "mean": 32.323866554256476,
    "std": 6.060768179389751
  },
  "wmape_weighted": 31.82692011400507,
  "wmape_peak_11_12": {
    "mean": 28.043922222312474,
    "std": 1.4957031936657135
  },
  "wmape_dec": {
    "mean": 29.101544093195876,
    "std": 0.0
  },
  "bad_rate_wmape_ge_40": 0.08333333333333333
}