{
  "roll_mode": "expanding",
  "roll_window_months": 24,
  "roll_min_train_periods": 22,
  "roll_gap": 0,
  "n_folds": 12,
  "wmape_mean": 32.323866554256476,
  "wmape_std": 5.802743748774777,
  "wmape_dec_mean": 29.101544093195876,
  "wmape_dec_std": 0.0,
  "wmape_peak_mean": 28.043922222312474,
  "wmape_peak_std": 1.057621870883402,
  "optimal_trees": 2900
}