{
  "objective": "reg:absoluteerror",
  "eval_metric": "mae",
  "random_state": 42,
  "n_jobs": -1,
  "tree_method": "hist",
  "learning_rate": 0.09218628777999172,
  "n_estimators": 2900,
  "max_depth": 3,
  "min_child_weight": 14,
  "subsample": 0.723138607179242,
  "colsample_bytree": 0.9939532255614322,
  "reg_lambda": 0.33276405262054126,
  "reg_alpha": 0.0005728311712516923,
  "gamma": 0.5734662447607244
}