{
  "n_folds": 12,
  "wmape_overall": {
    "mean": 32.66535858758212,
    "std": 5.504559994051436
  },
  "wmape_weighted": 32.37103938550132,
  "wmape_peak_11_12": {
    "mean": 29.829898074937883,
    "std": 0.5510766765758095
  },
  "wmape_dec": {
    "mean": 30.219568129898384,
    "std": 0.0
  },
  "bad_rate_wmape_ge_40": 0.08333333333333333
}