{
  "n_folds": 12,
  "wmape_overall": {
    "mean": 32.602993562187415,
    "std": 5.864349109994502
  },
  "wmape_weighted": 32.27563621595697,
  "wmape_peak_11_12": {
    "mean": 27.862276547563507,
    "std": 1.8238649833043323
  },
  "wmape_dec": {
    "mean": 29.15194384522669,
    "std": 0.0
  },
  "bad_rate_wmape_ge_40": 0.08333333333333333
}