{
  "roll_mode": "expanding",
  "roll_window_months": 24,
  "roll_min_train_periods": 22,
  "roll_gap": 0,
  "n_folds": 12,
  "wmape_mean": 32.66535858758212,
  "wmape_std": 5.270214954575912,
  "wmape_dec_mean": 30.219568129898384,
  "wmape_dec_std": 0.0,
  "wmape_peak_mean": 29.829898074937883,
  "wmape_peak_std": 0.3896700549605008,
  "optimal_trees": 2900
}