{
  "roll_mode": "expanding",
  "roll_window_months": 24,
  "roll_min_train_periods": 22,
  "roll_gap": 0,
  "n_folds": 12,
  "wmape_mean": 32.602993562187415,
  "wmape_std": 5.614686807255492,
  "wmape_dec_mean": 29.15194384522669,
  "wmape_dec_std": 0.0,
  "wmape_peak_mean": 27.862276547563507,
  "wmape_peak_std": 1.2896672976631827,
  "optimal_trees": 1300
}