{
  "score": 32.92211606207713,
  "score_components": {
    "wmape_weighted": 32.37103938550132,
    "peak_std_11_12": 0.5510766765758095,
    "dec_mean": 30.219568129898384
  },
  "tradeoff_lambda": 1.0
}