{
  "objective": "reg:absoluteerror",
  "eval_metric": "mae",
  "random_state": 42,
  "n_jobs": -1,
  "tree_method": "hist",
  "learning_rate": 0.12175148092642002,
  "n_estimators": 1300,
  "max_depth": 4,
  "min_child_weight": 6,
  "subsample": 0.8050772275441573,
  "colsample_bytree": 0.8221278128972808,
  "reg_lambda": 0.02882135808459087,
  "reg_alpha": 0.0013339135629313386,
  "gamma": 0.22907409172938967
}