{
  "n_folds": 12,
  "wmape_overall": {
    "mean": 33.14033695680643,
    "std": 6.012189952159132
  },
  "wmape_weighted": 32.71041586487007,
  "wmape_peak_11_12": {
    "mean": 27.84802474093931,
    "std": 0.5472473204822823
  },
  "wmape_dec": {
    "mean": 28.234987032238497,
    "std": 0.0
  },
  "bad_rate_wmape_ge_40": 0.08333333333333333
}