{
  "n_folds": 12,
  "wmape_overall": {
    "mean": 33.36560249361839,
    "std": 5.4767527872044885
  },
  "wmape_weighted": 32.87190851599193,
  "wmape_peak_11_12": {
    "mean": 28.956552221402262,
    "std": 1.023483330960234
  },
  "wmape_dec": {
    "mean": 29.68026422515564,
    "std": 0.0
  },
  "bad_rate_wmape_ge_40": 0.08333333333333333
}