{
  "n_folds": 12,
  "wmape_overall": {
    "mean": 33.06571586776998,
    "std": 4.965129416467895
  },
  "wmape_weighted": 32.843063579508645,
  "wmape_peak_11_12": {
    "mean": 29.2300084185269,
    "std": 2.084400710348917
  },
  "wmape_dec": {
    "mean": 30.703902295524678,
    "std": 0.0
  },
  "bad_rate_wmape_ge_40": 0.08333333333333333
}