{
  "roll_mode": "expanding",
  "roll_window_months": 24,
  "roll_min_train_periods": 22,
  "roll_gap": 0,
  "n_folds": 12,
  "wmape_mean": 33.065715867769974,
  "wmape_std": 4.7537494968447715,
  "wmape_dec_mean": 30.703902295524678,
  "wmape_dec_std": 0.0,
  "wmape_peak_mean": 29.2300084185269,
  "wmape_peak_std": 1.473893876997776,
  "optimal_trees": 2900
}