{
  "roll_mode": "expanding",
  "roll_window_months": 24,
  "roll_min_train_periods": 22,
  "roll_gap": 0,
  "n_folds": 12,
  "wmape_mean": 33.36560249361839,
  "wmape_std": 5.243591580949656,
  "wmape_dec_mean": 29.68026422515564,
  "wmape_dec_std": 0.0,
  "wmape_peak_mean": 28.956552221402262,
  "wmape_peak_std": 0.7237120037533771,
  "optimal_trees": 1550
}