{
  "score": 33.895391846952165,
  "score_components": {
    "wmape_weighted": 32.87190851599193,
    "peak_std_11_12": 1.023483330960234,
    "dec_mean": 29.68026422515564
  },
  "tradeoff_lambda": 1.0
}