{
  "score": 34.92746428985756,
  "score_components": {
    "wmape_weighted": 32.843063579508645,
    "peak_std_11_12": 2.084400710348917,
    "dec_mean": 30.703902295524678
  },
  "tradeoff_lambda": 1.0
}