{
  "objective": "reg:absoluteerror",
  "eval_metric": "mae",
  "random_state": 42,
  "n_jobs": -1,
  "tree_method": "hist",
  "learning_rate": 0.023615013866291557,
  "n_estimators": 1550,
  "max_depth": 4,
  "min_child_weight": 4,
  "subsample": 0.9640593968341461,
  "colsample_bytree": 0.7401248535913232,
  "reg_lambda": 4.694524050455317,
  "reg_alpha": 4.937323225133877,
  "gamma": 2.3560389748623205
}