{
  "n_folds": 12,
  "wmape_overall": {
    "mean": 32.92249116698474,
    "std": 5.603254103678978
  },
  "wmape_weighted": 32.542878113893124,
  "wmape_peak_11_12": {
    "mean": 29.44759014987772,
    "std": 1.4643323442600071
  },
  "wmape_dec": {
    "mean": 28.412150819340674,
    "std": 0.0
  },
  "bad_rate_wmape_ge_40": 0.08333333333333333
}