{
  "roll_mode": "expanding",
  "roll_window_months": 24,
  "roll_min_train_periods": 22,
  "roll_gap": 0,
  "n_folds": 12,
  "wmape_mean": 32.92249116698474,
  "wmape_std": 5.364707370509196,
  "wmape_dec_mean": 28.412150819340674,
  "wmape_dec_std": 0.0,
  "wmape_peak_mean": 29.44759014987772,
  "wmape_peak_std": 1.035439330537045,
  "optimal_trees": 2900
}