{
  "n_folds": 12,
  "wmape_overall": {
    "mean": 32.62934144273771,
    "std": 4.965622698005322
  },
  "wmape_weighted": 32.47623422996974,
  "wmape_peak_11_12": {
    "mean": 29.34424567486579,
    "std": 2.20634333712017
  },
  "wmape_dec": {
    "mean": 30.904366010169216,
    "std": 0.0
  },
  "bad_rate_wmape_ge_40": 0.08333333333333333
}