{
  "n_folds": 12,
  "wmape_overall": {
    "mean": 33.63106191737699,
    "std": 4.825472868176702
  },
  "wmape_weighted": 33.603677571709795,
  "wmape_peak_11_12": {
    "mean": 31.774802766961415,
    "std": 1.2157530381030561
  },
  "wmape_dec": {
    "mean": 32.63446998445223,
    "std": 0.0
  },
  "bad_rate_wmape_ge_40": 0.08333333333333333
}