{
  "roll_mode": "expanding",
  "roll_window_months": 24,
  "roll_min_train_periods": 22,
  "roll_gap": 0,
  "n_folds": 12,
  "wmape_mean": 32.62934144273772,
  "wmape_std": 4.754221777960461,
  "wmape_dec_mean": 30.904366010169216,
  "wmape_dec_std": 0.0,
  "wmape_peak_mean": 29.34424567486579,
  "wmape_peak_std": 1.560120335303429,
  "optimal_trees": 1850
}