{
  "roll_mode": "expanding",
  "roll_window_months": 24,
  "roll_min_train_periods": 22,
  "roll_gap": 0,
  "n_folds": 12,
  "wmape_mean": 33.63106191737699,
  "wmape_std": 4.6200385317351005,
  "wmape_dec_mean": 32.63446998445223,
  "wmape_dec_std": 0.0,
  "wmape_peak_mean": 31.774802766961415,
  "wmape_peak_std": 0.8596672174908181,
  "optimal_trees": 2900
}