{
  "score": 34.68257756708991,
  "score_components": {
    "wmape_weighted": 32.47623422996974,
    "peak_std_11_12": 2.20634333712017,
    "dec_mean": 30.904366010169216
  },
  "tradeoff_lambda": 1.0
}