{
  "score": 34.819430609812855,
  "score_components": {
    "wmape_weighted": 33.603677571709795,
    "peak_std_11_12": 1.2157530381030561,
    "dec_mean": 32.63446998445223
  },
  "tradeoff_lambda": 1.0
}