{
  "objective": "reg:absoluteerror",
  "eval_metric": "mae",
  "random_state": 42,
  "n_jobs": -1,
  "tree_method": "hist",
  "learning_rate": 0.13929193748061774,
  "n_estimators": 2900,
  "max_depth": 8,
  "min_child_weight": 2,
  "subsample": 0.9738071445218383,
  "colsample_bytree": 0.7705126353197764,
  "reg_lambda": 0.022966580971389775,
  "reg_alpha": 0.20866047659387382,
  "gamma": 1.518333235478877
}