{
  "n_folds": 12,
  "wmape_overall": {
    "mean": 33.413539411357156,
    "std": 5.539337308792632
  },
  "wmape_weighted": 32.97331692480617,
  "wmape_peak_11_12": {
    "mean": 28.761447973711224,
    "std": 1.9324074504545952
  },
  "wmape_dec": {
    "mean": 30.127866385943076,
    "std": 0.0
  },
  "bad_rate_wmape_ge_40": 0.08333333333333333
}