{
  "roll_mode": "expanding",
  "roll_window_months": 24,
  "roll_min_train_periods": 22,
  "roll_gap": 0,
  "n_folds": 12,
  "wmape_mean": 33.413539411357156,
  "wmape_std": 5.303511698444108,
  "wmape_dec_mean": 30.127866385943076,
  "wmape_dec_std": 0.0,
  "wmape_peak_mean": 28.761447973711224,
  "wmape_peak_std": 1.3664184122318517,
  "optimal_trees": 2900
}