{
  "n_folds": 12,
  "wmape_overall": {
    "mean": 33.31876906856765,
    "std": 5.407979953028903
  },
  "wmape_weighted": 32.76488472451635,
  "wmape_peak_11_12": {
    "mean": 28.18179704942237,
    "std": 0.3843524696686502
  },
  "wmape_dec": {
    "mean": 28.45357528709087,
    "std": 0.0
  },
  "bad_rate_wmape_ge_40": 0.08333333333333333
}