{
  "roll_mode": "expanding",
  "roll_window_months": 24,
  "roll_min_train_periods": 22,
  "roll_gap": 0,
  "n_folds": 12,
  "wmape_mean": 33.31876906856764,
  "wmape_std": 5.17774660523272,
  "wmape_dec_mean": 28.45357528709087,
  "wmape_dec_std": 0.0,
  "wmape_peak_mean": 28.18179704942237,
  "wmape_peak_std": 0.2717782376684994,
  "optimal_trees": 2900
}