{
  "objective": "reg:absoluteerror",
  "eval_metric": "mae",
  "random_state": 42,
  "n_jobs": -1,
  "tree_method": "hist",
  "learning_rate": 0.13735362346567329,
  "n_estimators": 2900,
  "max_depth": 4,
  "min_child_weight": 6,
  "subsample": 0.9974050128147429,
  "colsample_bytree": 0.7198220426666981,
  "reg_lambda": 6.675247026053955,
  "reg_alpha": 0.12652759011412673,
  "gamma": 2.1246800282197067
}