{
  "n_folds": 12,
  "wmape_overall": {
    "mean": 32.14768392960523,
    "std": 5.175162834373639
  },
  "wmape_weighted": 32.036671713516185,
  "wmape_peak_11_12": {
    "mean": 27.983269426775124,
    "std": 2.0457688880025615
  },
  "wmape_dec": {
    "mean": 29.4298464802222,
    "std": 0.0
  },
  "bad_rate_wmape_ge_40": 0.08333333333333333
}