{
  "n_folds": 12,
  "wmape_overall": {
    "mean": 32.7532093755661,
    "std": 5.582514926602398
  },
  "wmape_weighted": 32.422221830636616,
  "wmape_peak_11_12": {
    "mean": 28.28040315940869,
    "std": 0.4165931601354254
  },
  "wmape_dec": {
    "mean": 28.57497900793638,
    "std": 0.0
  },
  "bad_rate_wmape_ge_40": 0.08333333333333333
}