{
  "roll_mode": "expanding",
  "roll_window_months": 24,
  "roll_min_train_periods": 22,
  "roll_gap": 0,
  "n_folds": 12,
  "wmape_mean": 32.14768392960523,
  "wmape_std": 4.954841184682445,
  "wmape_dec_mean": 29.4298464802222,
  "wmape_dec_std": 0.0,
  "wmape_peak_mean": 27.983269426775124,
  "wmape_peak_std": 1.4465770534470739,
  "optimal_trees": 2900
}