{
  "score": 34.08244060151875,
  "score_components": {
    "wmape_weighted": 32.036671713516185,
    "peak_std_11_12": 2.0457688880025615,
    "dec_mean": 29.4298464802222
  },
  "tradeoff_lambda": 1.0
}