{
  "objective": "reg:absoluteerror",
  "eval_metric": "mae",
  "random_state": 42,
  "n_jobs": -1,
  "tree_method": "hist",
  "learning_rate": 0.054082340576877566,
  "n_estimators": 1100,
  "max_depth": 4,
  "min_child_weight": 1,
  "subsample": 0.7243929286862649,
  "colsample_bytree": 0.7300733288106989,
  "reg_lambda": 1.272319949780534,
  "reg_alpha": 0.2681621920201289,
  "gamma": 2.6616382277289796
}