{
  "n_folds": 12,
  "wmape_overall": {
    "mean": 32.530924741354404,
    "std": 5.549937775911809
  },
  "wmape_weighted": 32.37370577526348,
  "wmape_peak_11_12": {
    "mean": 28.82016444631116,
    "std": 0.8393531456210455
  },
  "wmape_dec": {
    "mean": 29.41367674739006,
    "std": 0.0
  },
  "bad_rate_wmape_ge_40": 0.08333333333333333
}