{
  "n_folds": 12,
  "wmape_overall": {
    "mean": 32.673625873640816,
    "std": 5.261768963321207
  },
  "wmape_weighted": 32.317605305645415,
  "wmape_peak_11_12": {
    "mean": 28.845705737095468,
    "std": 0.9253504407955577
  },
  "wmape_dec": {
    "mean": 29.500027308755968,
    "std": 0.0
  },
  "bad_rate_wmape_ge_40": 0.08333333333333333
}