{
  "roll_mode": "expanding",
  "roll_window_months": 24,
  "roll_min_train_periods": 22,
  "roll_gap": 0,
  "n_folds": 12,
  "wmape_mean": 32.530924741354404,
  "wmape_std": 5.313660873018888,
  "wmape_dec_mean": 29.41367674739006,
  "wmape_dec_std": 0.0,
  "wmape_peak_mean": 28.82016444631116,
  "wmape_peak_std": 0.593512301078901,
  "optimal_trees": 1500
}