{
  "score": 33.24295574644097,
  "score_components": {
    "wmape_weighted": 32.317605305645415,
    "peak_std_11_12": 0.9253504407955577,
    "dec_mean": 29.500027308755968
  },
  "tradeoff_lambda": 1.0
}