{
  "objective": "reg:absoluteerror",
  "eval_metric": "mae",
  "random_state": 42,
  "n_jobs": -1,
  "tree_method": "hist",
  "learning_rate": 0.013478139190627883,
  "n_estimators": 2900,
  "max_depth": 5,
  "min_child_weight": 2,
  "subsample": 0.6350718488563108,
  "colsample_bytree": 0.9989103153660672,
  "reg_lambda": 6.437029531641641,
  "reg_alpha": 0.00011947914341018486,
  "gamma": 1.5364095437143432
}