{
  "n_folds": 12,
  "wmape_overall": {
    "mean": 33.04380991081487,
    "std": 5.507377209289633
  },
  "wmape_weighted": 32.64007010327944,
  "wmape_peak_11_12": {
    "mean": 29.340423965064577,
    "std": 1.1690684084720573
  },
  "wmape_dec": {
    "mean": 30.167080164366133,
    "std": 0.0
  },
  "bad_rate_wmape_ge_40": 0.08333333333333333
}