{
  "roll_mode": "expanding",
  "roll_window_months": 24,
  "roll_min_train_periods": 22,
  "roll_gap": 0,
  "n_folds": 12,
  "wmape_mean": 33.04380991081487,
  "wmape_std": 5.272912232813345,
  "wmape_dec_mean": 30.167080164366133,
  "wmape_dec_std": 0.0,
  "wmape_peak_mean": 29.340423965064577,
  "wmape_peak_std": 0.8266561993015564,
  "optimal_trees": 2900
}