{
  "objective": "reg:absoluteerror",
  "eval_metric": "mae",
  "random_state": 42,
  "n_jobs": -1,
  "tree_method": "hist",
  "learning_rate": 0.08171619889023055,
  "n_estimators": 2900,
  "max_depth": 4,
  "min_child_weight": 9,
  "subsample": 0.9483577421197629,
  "colsample_bytree": 0.6043885593812967,
  "reg_lambda": 0.1781848437507658,
  "reg_alpha": 3.4957002334643708,
  "gamma": 2.4706482789827886
}