{
  "n_folds": 12,
  "wmape_overall": {
    "mean": 33.18356175866624,
    "std": 5.007088505003252
  },
  "wmape_weighted": 32.90534001302919,
  "wmape_peak_11_12": {
    "mean": 29.752668595687602,
    "std": 1.5798389826029982
  },
  "wmape_dec": {
    "mean": 30.86978345346904,
    "std": 0.0
  },
  "bad_rate_wmape_ge_40": 0.08333333333333333
}