{
  "roll_mode": "expanding",
  "roll_window_months": 24,
  "roll_min_train_periods": 22,
  "roll_gap": 0,
  "n_folds": 12,
  "wmape_mean": 33.18356175866624,
  "wmape_std": 4.7939222656252705,
  "wmape_dec_mean": 30.86978345346904,
  "wmape_dec_std": 0.0,
  "wmape_peak_mean": 29.752668595687602,
  "wmape_peak_std": 1.117114857781436,
  "optimal_trees": 2900
}