{
  "objective": "reg:absoluteerror",
  "eval_metric": "mae",
  "random_state": 42,
  "n_jobs": -1,
  "tree_method": "hist",
  "learning_rate": 0.03597860208020116,
  "n_estimators": 2900,
  "max_depth": 7,
  "min_child_weight": 9,
  "subsample": 0.8407123077405296,
  "colsample_bytree": 0.9902746230158496,
  "reg_lambda": 0.03052009418311113,
  "reg_alpha": 1.2682465893187742,
  "gamma": 2.375406506693099
}