{
  "n_folds": 12,
  "wmape_overall": {
    "mean": 32.54161628211876,
    "std": 6.15609583416222
  },
  "wmape_weighted": 32.15919151328346,
  "wmape_peak_11_12": {
    "mean": 27.73045498705158,
    "std": 1.451667732371739
  },
  "wmape_dec": {
    "mean": 28.756939084641335,
    "std": 0.0
  },
  "bad_rate_wmape_ge_40": 0.16666666666666666
}