{
  "roll_mode": "expanding",
  "roll_window_months": 24,
  "roll_min_train_periods": 22,
  "roll_gap": 0,
  "n_folds": 12,
  "wmape_mean": 32.54161628211876,
  "wmape_std": 5.8940130295727755,
  "wmape_dec_mean": 28.756939084641335,
  "wmape_dec_std": 0.0,
  "wmape_peak_mean": 27.73045498705158,
  "wmape_peak_std": 1.026484097589755,
  "optimal_trees": 2900
}