{
  "objective": "reg:absoluteerror",
  "eval_metric": "mae",
  "random_state": 42,
  "n_jobs": -1,
  "tree_method": "hist",
  "learning_rate": 0.0819997915566677,
  "n_estimators": 2900,
  "max_depth": 4,
  "min_child_weight": 10,
  "subsample": 0.8932751500810865,
  "colsample_bytree": 0.6217294411781525,
  "reg_lambda": 0.05181194384318023,
  "reg_alpha": 0.20675919970474296,
  "gamma": 1.6649693848043106
}