experiment,time_key,delta_wmape,wmape_base,wmape_exp,month,sum_abs_y
random_best_full,24286,-1.0468239475977725,27.411410213084856,26.364586265487084,11,17047.0
random_best_full,24287,-1.0459793392439884,26.96955177592384,25.92357243667985,12,22377.0
random_best_full,24288,-8.713795740834595,35.93063122594988,27.216835485115286,1,15053.0
random_best_full,24289,0.42314215747613204,30.75879746770492,31.18193962518105,2,10004.0
random_best_full,24290,-1.4990130547797627,29.88107802190652,28.38206496712676,3,16751.0
random_best_full,24291,-2.815299474722618,32.56017126657266,29.74487179185004,4,12136.0
random_best_full,24292,-0.9830258437015189,30.826302742834383,29.843276899132864,5,16078.0
random_best_full,24293,-0.32638345989285256,25.89503374513541,25.56865028524256,6,12787.0
random_best_full,24294,1.3608997398837097,19.5082080653405,20.86910780522421,7,15121.0
random_best_full,24295,-0.34210258770504964,23.91726551711764,23.575162929412592,8,19165.0
random_best_full,24296,-0.11739810426396957,19.14970205017529,19.03230394591132,9,21348.0
random_best_full,24297,-0.6072724954135627,14.792058847513855,14.184786352100293,10,24947.0
