{
  "n_folds": 12,
  "wmape_overall": {
    "mean": 33.08120059487188,
    "std": 4.70721179667951
  },
  "wmape_weighted": 32.90906643654444,
  "wmape_peak_11_12": {
    "mean": 29.50872321702581,
    "std": 2.0577951761940168
  },
  "wmape_dec": {
    "mean": 30.963804140405564,
    "std": 0.0
  },
  "bad_rate_wmape_ge_40": 0.08333333333333333
}