{
  "score": 34.96686161273846,
  "score_components": {
    "wmape_weighted": 32.90906643654444,
    "peak_std_11_12": 2.0577951761940168,
    "dec_mean": 30.963804140405564
  },
  "tradeoff_lambda": 1.0
}