{
  "n_folds": 12,
  "wmape_overall": {
    "mean": 32.92998038065237,
    "std": 5.753476091217545
  },
  "wmape_weighted": 32.41576832964723,
  "wmape_peak_11_12": {
    "mean": 27.63124680773826,
    "std": 1.4387441982134805
  },
  "wmape_dec": {
    "mean": 28.648592586687815,
    "std": 0.0
  },
  "bad_rate_wmape_ge_40": 0.08333333333333333
}