{
  "n_folds": 12,
  "wmape_overall": {
    "mean": 32.42062380876114,
    "std": 5.425191189853311
  },
  "wmape_weighted": 32.08537442455369,
  "wmape_peak_11_12": {
    "mean": 28.412431614998646,
    "std": 2.023515934792934
  },
  "wmape_dec": {
    "mean": 29.843273454329765,
    "std": 0.0
  },
  "bad_rate_wmape_ge_40": 0.08333333333333333
}