{
  "roll_mode": "expanding",
  "roll_window_months": 24,
  "roll_min_train_periods": 22,
  "roll_gap": 0,
  "n_folds": 12,
  "wmape_mean": 32.42062380876114,
  "wmape_std": 5.194225109926423,
  "wmape_dec_mean": 29.843273454329765,
  "wmape_dec_std": 0.0,
  "wmape_peak_mean": 28.412431614998646,
  "wmape_peak_std": 1.4308418393311193,
  "optimal_trees": 2900
}