{
  "roll_mode": "expanding",
  "roll_window_months": 24,
  "roll_min_train_periods": 22,
  "roll_gap": 0,
  "n_folds": 12,
  "wmape_mean": 32.92998038065237,
  "wmape_std": 5.508533973559655,
  "wmape_dec_mean": 28.648592586687815,
  "wmape_dec_std": 0.0,
  "wmape_peak_mean": 27.63124680773826,
  "wmape_peak_std": 1.0173457789495544,
  "optimal_trees": 600
}