{
  "score": 34.108890359346624,
  "score_components": {
    "wmape_weighted": 32.08537442455369,
    "peak_std_11_12": 2.023515934792934,
    "dec_mean": 29.843273454329765
  },
  "tradeoff_lambda": 1.0
}