{
  "objective": "reg:absoluteerror",
  "eval_metric": "mae",
  "random_state": 42,
  "n_jobs": -1,
  "tree_method": "hist",
  "learning_rate": 0.026276920623647244,
  "n_estimators": 600,
  "max_depth": 4,
  "min_child_weight": 9,
  "subsample": 0.6563696899899051,
  "colsample_bytree": 0.9208787923016158,
  "reg_lambda": 18.102701073330135,
  "reg_alpha": 0.00022403260998810274,
  "gamma": 2.3167343078899725
}