{
  "objective": "reg:absoluteerror",
  "eval_metric": "mae",
  "random_state": 42,
  "n_jobs": -1,
  "tree_method": "hist",
  "learning_rate": 0.012707942999213693,
  "n_estimators": 2900,
  "max_depth": 4,
  "min_child_weight": 1,
  "subsample": 0.7301321323053057,
  "colsample_bytree": 0.7554709158757928,
  "reg_lambda": 5.441108375656199,
  "reg_alpha": 0.001883913511943895,
  "gamma": 1.0702599800807677
}