{
  "n_folds": 12,
  "wmape_overall": {
    "mean": 32.61149794337387,
    "std": 5.384506099350035
  },
  "wmape_weighted": 32.162537077482895,
  "wmape_peak_11_12": {
    "mean": 28.0169162178548,
    "std": 1.0688912574840317
  },
  "wmape_dec": {
    "mean": 28.772736474372774,
    "std": 0.0
  },
  "bad_rate_wmape_ge_40": 0.08333333333333333
}