{
  "n_folds": 12,
  "wmape_overall": {
    "mean": 32.64838999020946,
    "std": 5.054727509511654
  },
  "wmape_weighted": 32.30019816984116,
  "wmape_peak_11_12": {
    "mean": 28.910488592740094,
    "std": 0.1944862645206965
  },
  "wmape_dec": {
    "mean": 28.77296603624987,
    "std": 0.0
  },
  "bad_rate_wmape_ge_40": 0.08333333333333333
}