{
  "roll_mode": "expanding",
  "roll_window_months": 24,
  "roll_min_train_periods": 22,
  "roll_gap": 0,
  "n_folds": 12,
  "wmape_mean": 32.61149794337387,
  "wmape_std": 5.155272101397065,
  "wmape_dec_mean": 28.772736474372774,
  "wmape_dec_std": 0.0,
  "wmape_peak_mean": 28.0169162178548,
  "wmape_peak_std": 0.7558202565179748,
  "optimal_trees": 2900
}