{
  "score": 32.49468443436186,
  "score_components": {
    "wmape_weighted": 32.30019816984116,
    "peak_std_11_12": 0.1944862645206965,
    "dec_mean": 28.77296603624987
  },
  "tradeoff_lambda": 1.0
}