{
  "score": 33.23142833496693,
  "score_components": {
    "wmape_weighted": 32.162537077482895,
    "peak_std_11_12": 1.0688912574840317,
    "dec_mean": 28.772736474372774
  },
  "tradeoff_lambda": 1.0
}