{
  "objective": "reg:absoluteerror",
  "eval_metric": "mae",
  "random_state": 42,
  "n_jobs": -1,
  "tree_method": "hist",
  "learning_rate": 0.018022795830553384,
  "n_estimators": 2900,
  "max_depth": 3,
  "min_child_weight": 1,
  "subsample": 0.8261422487803132,
  "colsample_bytree": 0.8278731267259117,
  "reg_lambda": 0.014017949232594924,
  "reg_alpha": 0.5691580178476416,
  "gamma": 1.2542347428994198
}