{
  "n_folds": 12,
  "wmape_overall": {
    "mean": 32.588568864658065,
    "std": 4.994921688791774
  },
  "wmape_weighted": 32.31333281008877,
  "wmape_peak_11_12": {
    "mean": 29.0262269095566,
    "std": 1.5368597306392575
  },
  "wmape_dec": {
    "mean": 30.11295084682415,
    "std": 0.0
  },
  "bad_rate_wmape_ge_40": 0.08333333333333333
}