{
  "n_folds": 12,
  "wmape_overall": {
    "mean": 32.6292133525735,
    "std": 5.813485733414354
  },
  "wmape_weighted": 32.17652124500175,
  "wmape_peak_11_12": {
    "mean": 27.68132865269125,
    "std": 0.8650619201802309
  },
  "wmape_dec": {
    "mean": 28.293019802596948,
    "std": 0.0
  },
  "bad_rate_wmape_ge_40": 0.08333333333333333
}