{
  "roll_mode": "expanding",
  "roll_window_months": 24,
  "roll_min_train_periods": 22,
  "roll_gap": 0,
  "n_folds": 12,
  "wmape_mean": 32.588568864658065,
  "wmape_std": 4.782273425969311,
  "wmape_dec_mean": 30.11295084682415,
  "wmape_dec_std": 0.0,
  "wmape_peak_mean": 29.0262269095566,
  "wmape_peak_std": 1.08672393726755,
  "optimal_trees": 2900
}