{
  "score": 33.850192540728024,
  "score_components": {
    "wmape_weighted": 32.31333281008877,
    "peak_std_11_12": 1.5368597306392575,
    "dec_mean": 30.11295084682415
  },
  "tradeoff_lambda": 1.0
}