{
  "score": 33.04158316518198,
  "score_components": {
    "wmape_weighted": 32.17652124500175,
    "peak_std_11_12": 0.8650619201802309,
    "dec_mean": 28.293019802596948
  },
  "tradeoff_lambda": 1.0
}