{
  "objective": "reg:absoluteerror",
  "eval_metric": "mae",
  "random_state": 42,
  "n_jobs": -1,
  "tree_method": "hist",
  "learning_rate": 0.02279379523765072,
  "n_estimators": 2900,
  "max_depth": 6,
  "min_child_weight": 7,
  "subsample": 0.7164916560792167,
  "colsample_bytree": 0.8447411578889518,
  "reg_lambda": 0.09212515846231674,
  "reg_alpha": 0.0004523529917658781,
  "gamma": 1.099085529881075
}