{
  "objective": "reg:absoluteerror",
  "eval_metric": "mae",
  "random_state": 42,
  "n_jobs": -1,
  "tree_method": "hist",
  "learning_rate": 0.032211189352044464,
  "n_estimators": 600,
  "max_depth": 4,
  "min_child_weight": 10,
  "subsample": 0.6557975442608167,
  "colsample_bytree": 0.7168578594140873,
  "reg_lambda": 0.3202585241999403,
  "reg_alpha": 0.005266514841107984,
  "gamma": 2.3555278841790406
}