{
  "n_folds": 12,
  "wmape_overall": {
    "mean": 33.17272286340825,
    "std": 5.263608779228905
  },
  "wmape_weighted": 32.86132151798857,
  "wmape_peak_11_12": {
    "mean": 29.11916892380049,
    "std": 0.937397204883412
  },
  "wmape_dec": {
    "mean": 29.782008844038867,
    "std": 0.0
  },
  "bad_rate_wmape_ge_40": 0.08333333333333333
}