{
  "objective": "reg:absoluteerror",
  "eval_metric": "mae",
  "random_state": 42,
  "n_jobs": -1,
  "tree_method": "hist",
  "learning_rate": 0.04754706394655593,
  "n_estimators": 2900,
  "max_depth": 5,
  "min_child_weight": 11,
  "subsample": 0.8517321549032927,
  "colsample_bytree": 0.9450895414822829,
  "reg_lambda": 0.11094465689107684,
  "reg_alpha": 0.003119993695026003,
  "gamma": 0.9348157055706952
}