{
  "n_folds": 12,
  "wmape_overall": {
    "mean": 33.34494839359536,
    "std": 5.263293649329845
  },
  "wmape_weighted": 32.87549615831278,
  "wmape_peak_11_12": {
    "mean": 28.722131546348585,
    "std": 1.742409716528308
  },
  "wmape_dec": {
    "mean": 29.95420127251108,
    "std": 0.0
  },
  "bad_rate_wmape_ge_40": 0.16666666666666666
}