{
  "roll_mode": "expanding",
  "roll_window_months": 24,
  "roll_min_train_periods": 22,
  "roll_gap": 0,
  "n_folds": 12,
  "wmape_mean": 33.34494839359537,
  "wmape_std": 5.039220015950176,
  "wmape_dec_mean": 29.95420127251108,
  "wmape_dec_std": 0.0,
  "wmape_peak_mean": 28.722131546348585,
  "wmape_peak_std": 1.2320697261624964,
  "optimal_trees": 2900
}