{
  "objective": "reg:absoluteerror",
  "eval_metric": "mae",
  "random_state": 42,
  "n_jobs": -1,
  "tree_method": "hist",
  "learning_rate": 0.0859378258514933,
  "n_estimators": 2900,
  "max_depth": 4,
  "min_child_weight": 6,
  "subsample": 0.9119979766998512,
  "colsample_bytree": 0.6984816157110033,
  "reg_lambda": 0.8326635551965279,
  "reg_alpha": 2.9567516251213246,
  "gamma": 1.4905983239523994
}