{
  "n_folds": 12,
  "wmape_overall": {
    "mean": 32.922694271358985,
    "std": 5.617052788823272
  },
  "wmape_weighted": 32.50174468855765,
  "wmape_peak_11_12": {
    "mean": 28.161008712271872,
    "std": 0.2637993781663346
  },
  "wmape_dec": {
    "mean": 28.347543041446084,
    "std": 0.0
  },
  "bad_rate_wmape_ge_40": 0.08333333333333333
}