{
  "n_folds": 12,
  "wmape_overall": {
    "mean": 33.18607165688063,
    "std": 5.759341060777116
  },
  "wmape_weighted": 32.86342895164733,
  "wmape_peak_11_12": {
    "mean": 30.036224063710776,
    "std": 1.6270832232947166
  },
  "wmape_dec": {
    "mean": 31.186745644457336,
    "std": 0.0
  },
  "bad_rate_wmape_ge_40": 0.08333333333333333
}