{
  "roll_mode": "expanding",
  "roll_window_months": 24,
  "roll_min_train_periods": 22,
  "roll_gap": 0,
  "n_folds": 12,
  "wmape_mean": 33.18607165688063,
  "wmape_std": 5.514149254402155,
  "wmape_dec_mean": 31.186745644457336,
  "wmape_dec_std": 0.0,
  "wmape_peak_mean": 30.036224063710776,
  "wmape_peak_std": 1.1505215807465596,
  "optimal_trees": 2900
}