{
  "roll_mode": "expanding",
  "roll_window_months": 24,
  "roll_min_train_periods": 22,
  "roll_gap": 0,
  "n_folds": 12,
  "wmape_mean": 32.922694271358985,
  "wmape_std": 5.377918605717738,
  "wmape_dec_mean": 28.347543041446084,
  "wmape_dec_std": 0.0,
  "wmape_peak_mean": 28.161008712271872,
  "wmape_peak_std": 0.18653432917420965,
  "optimal_trees": 1200
}