{
  "score": 34.49051217494205,
  "score_components": {
    "wmape_weighted": 32.86342895164733,
    "peak_std_11_12": 1.6270832232947166,
    "dec_mean": 31.186745644457336
  },
  "tradeoff_lambda": 1.0
}