{
  "score": 32.76554406672398,
  "score_components": {
    "wmape_weighted": 32.50174468855765,
    "peak_std_11_12": 0.2637993781663346,
    "dec_mean": 28.347543041446084
  },
  "tradeoff_lambda": 1.0
}