{
  "objective": "reg:absoluteerror",
  "eval_metric": "mae",
  "random_state": 42,
  "n_jobs": -1,
  "tree_method": "hist",
  "learning_rate": 0.14594904022837327,
  "n_estimators": 2900,
  "max_depth": 6,
  "min_child_weight": 7,
  "subsample": 0.7572810671387461,
  "colsample_bytree": 0.946158202654453,
  "reg_lambda": 0.01121773971990536,
  "reg_alpha": 0.004904371110989776,
  "gamma": 0.1932378449019403
}