{
  "n_folds": 12,
  "wmape_overall": {
    "mean": 27.067678747879754,
    "std": 5.816399428361661
  },
  "wmape_weighted": 26.04901706909521,
  "wmape_base_overall": {
    "mean": NaN,
    "std": NaN
  },
  "wmape_base_weighted": NaN,
  "wmape_gain_overall": {
    "mean": NaN,
    "std": NaN
  },
  "wmape_gain_weighted": NaN,
  "wmape_peak_11_12": {
    "mean": 27.808159809163673,
    "std": 0.906994556411487
  },
  "wmape_gain_peak_11_12": {
    "mean": NaN,
    "std": NaN
  },
  "wmape_nov": {
    "mean": 28.44950181050152,
    "std": 0.0
  },
  "wmape_dec": {
    "mean": 27.166817807825826,
    "std": 0.0
  },
  "gain_positive_rate": 0.0,
  "bad_rate_wmape_ge_40": 0.0,
  "corr_log_mean_abs": {
    "mean": NaN,
    "std": NaN
  },
  "phase3_score": 35.78415194093712,
  "phase3_score_components": {
    "wmape_weighted": 26.04901706909521,
    "peak_std_11_12": 0.906994556411487,
    "dec_mean": 27.166817807825826
  },
  "phase3_score_coeff": {
    "peak_std_coef": 0.25,
    "dec_mean_coef": 0.35
  }
}