{
  "n_folds": 12,
  "wmape_overall": {
    "mean": 33.65170579110426,
    "std": 7.746874256748272
  },
  "wmape_weighted": 33.499600670178765,
  "wmape_peak_11_12": {
    "mean": 30.292744108067485,
    "std": 1.4220931739752867
  },
  "wmape_dec": {
    "mean": 31.29831583486451,
    "std": 0.0
  },
  "bad_rate_wmape_ge_40": 0.08333333333333333
}