{
  "roll_mode": "expanding",
  "roll_window_months": 24,
  "roll_min_train_periods": 22,
  "roll_gap": 0,
  "n_folds": 12,
  "wmape_mean": 33.651705791104256,
  "wmape_std": 7.417067413790529,
  "wmape_dec_mean": 31.29831583486451,
  "wmape_dec_std": 0.0,
  "wmape_peak_mean": 30.292744108067485,
  "wmape_peak_std": 1.0055717267970259,
  "optimal_trees": 2900
}