{
  "objective": "reg:absoluteerror",
  "eval_metric": "mae",
  "random_state": 42,
  "n_jobs": -1,
  "tree_method": "hist",
  "learning_rate": 0.12910126077770828,
  "n_estimators": 2900,
  "max_depth": 6,
  "min_child_weight": 9,
  "subsample": 0.9461937130803086,
  "colsample_bytree": 0.7890393969560087,
  "reg_lambda": 1.2759279715698528,
  "reg_alpha": 2.194799841582662,
  "gamma": 1.8243754313686054
}