{
  "n_folds": 34,
  "wmape_overall": {
    "mean": 27.402731856554983,
    "std": 5.902614352652438
  },
  "wmape_weighted": 27.202378678267742,
  "wmape_peak_11_12": {
    "mean": 29.07849889826921,
    "std": 8.15947272685185
  },
  "wmape_nov": {
    "mean": 29.7560339920785,
    "std": 14.01683630512545
  },
  "wmape_dec": {
    "mean": 28.400963804459913,
    "std": 1.192925111925307
  },
  "wmape_jan": {
    "mean": 38.89434164261085,
    "std": 6.829606893640776
  },
  "wmape_feb": {
    "mean": 26.841535402581204,
    "std": 2.253763431476182
  },
  "bad_rate_wmape_ge_40": 0.058823529411764705,
  "wmape_janfeb": {
    "mean": 32.86793852259603,
    "std": 8.016871799436437
  },
  "coverage_months": {
    "jan": 3,
    "feb": 3,
    "nov": 2,
    "dec": 2,
    "peak_11_12": 4
  },
  "phase3_score": 39.18258419154167,
  "phase3_score_components": {
    "wmape_weighted": 27.202378678267742,
    "peak_std_11_12": 8.15947272685185,
    "dec_mean": 28.400963804459913
  },
  "phase3_score_coeff": {
    "peak_std_coef": 0.25,
    "dec_mean_coef": 0.35
  }
}