{
  "n_folds": 12,
  "wmape_overall": {
    "mean": 33.13259289905643,
    "std": 4.964258127926897
  },
  "wmape_weighted": 32.79435950537926,
  "wmape_peak_11_12": {
    "mean": 29.136244961541344,
    "std": 2.2035153314699216
  },
  "wmape_dec": {
    "mean": 30.69436559487225,
    "std": 0.0
  },
  "bad_rate_wmape_ge_40": 0.08333333333333333
}