{
  "n_folds": 12,
  "wmape_overall": {
    "mean": 33.29210688161039,
    "std": 5.4697356628701295
  },
  "wmape_weighted": 32.81601116298133,
  "wmape_peak_11_12": {
    "mean": 29.215072510160134,
    "std": 0.7720456552348749
  },
  "wmape_dec": {
    "mean": 29.760991228362325,
    "std": 0.0
  },
  "bad_rate_wmape_ge_40": 0.08333333333333333
}