{
  "roll_mode": "expanding",
  "roll_window_months": 24,
  "roll_min_train_periods": 22,
  "roll_gap": 0,
  "n_folds": 12,
  "wmape_mean": 33.292106881610394,
  "wmape_std": 5.236873195893445,
  "wmape_dec_mean": 29.760991228362325,
  "wmape_dec_std": 0.0,
  "wmape_peak_mean": 29.215072510160134,
  "wmape_peak_std": 0.5459187182021914,
  "optimal_trees": 2900
}