{
  "score": 33.58805681821621,
  "score_components": {
    "wmape_weighted": 32.81601116298133,
    "peak_std_11_12": 0.7720456552348749,
    "dec_mean": 29.760991228362325
  },
  "tradeoff_lambda": 1.0
}