{
  "roll_mode": "expanding",
  "roll_window_months": 24,
  "roll_min_train_periods": 22,
  "roll_gap": 0,
  "n_folds": 12,
  "wmape_mean": 25.810075262311614,
  "wmape_std": 5.481932858303705,
  "wmape_dec_mean": 27.27680748250459,
  "wmape_dec_std": 0.0,
  "wmape_peak_mean": 27.170632729646798,
  "wmape_peak_std": 0.10617475285779145
}