{
  "n_folds": 12,
  "wmape_overall": {
    "mean": 25.810075262311614,
    "std": 5.725692132480165
  },
  "wmape_weighted": 24.880033446679256,
  "wmape_base_overall": {
    "mean": NaN,
    "std": NaN
  },
  "wmape_base_weighted": NaN,
  "wmape_gain_overall": {
    "mean": NaN,
    "std": NaN
  },
  "wmape_gain_weighted": NaN,
  "wmape_peak_11_12": {
    "mean": 27.170632729646798,
    "std": 0.1501537754731002
  },
  "wmape_gain_peak_11_12": {
    "mean": NaN,
    "std": NaN
  },
  "wmape_nov": {
    "mean": 27.064457976789008,
    "std": 0.0
  },
  "wmape_dec": {
    "mean": 27.27680748250459,
    "std": 0.0
  },
  "gain_positive_rate": 0.0,
  "bad_rate_wmape_ge_40": 0.0,
  "corr_log_mean_abs": {
    "mean": NaN,
    "std": NaN
  },
  "phase3_score": 34.46445450942414,
  "phase3_score_components": {
    "wmape_weighted": 24.880033446679256,
    "peak_std_11_12": 0.1501537754731002,
    "dec_mean": 27.27680748250459
  },
  "phase3_score_coeff": {
    "peak_std_coef": 0.25,
    "dec_mean_coef": 0.35
  }
}