{
  "n_folds": 22,
  "wmape_overall": {
    "mean": 31.23342237042659,
    "std": 13.484419746669843
  },
  "wmape_weighted": 30.231971729254564,
  "wmape_peak_11_12": {
    "mean": 28.842816045348442,
    "std": 0.5267111452706552
  },
  "wmape_nov": {
    "mean": 28.47037502280103,
    "std": 0.0
  },
  "wmape_dec": {
    "mean": 29.215257067895855,
    "std": 0.0
  },
  "wmape_jan": {
    "mean": 64.5231250270111,
    "std": 21.24713925521454
  },
  "wmape_feb": {
    "mean": 37.68177183507349,
    "std": 8.04977060934404
  },
  "bad_rate_wmape_ge_40": 0.13636363636363635,
  "wmape_janfeb": {
    "mean": 51.1024484310423,
    "std": 20.303513444458144
  },
  "coverage_months": {
    "jan": 2,
    "feb": 2,
    "nov": 1,
    "dec": 1,
    "peak_11_12": 2
  },
  "phase3_score": 40.58898948933577,
  "phase3_score_components": {
    "wmape_weighted": 30.231971729254564,
    "peak_std_11_12": 0.5267111452706552,
    "dec_mean": 29.215257067895855
  },
  "phase3_score_coeff": {
    "peak_std_coef": 0.25,
    "dec_mean_coef": 0.35
  }
}