{
  "roll_mode": "expanding",
  "roll_window_months": 24,
  "roll_min_train_periods": 12,
  "roll_gap": 0,
  "n_folds": 22,
  "wmape_mean": 31.233422370426585,
  "wmape_std": 13.174391643694722,
  "wmape_dec_mean": 29.215257067895855,
  "wmape_dec_std": 0.0,
  "wmape_peak_mean": 28.842816045348442,
  "wmape_peak_std": 0.37244102254741307,
  "optimal_trees": 650,
  "protocol": "rolling_origin",
  "cv_kind": "rolling_origin",
  "cv_order": null,
  "cv_n_splits": null,
  "shuffle": null,
  "random_state": null,
  "n_sample_predictions": null,
  "n_month_groups": 22,
  "fold_wmape_mean": 31.23342237042659,
  "fold_wmape_std": 13.484419746669843,
  "wmape_weighted": 30.231971729254564,
  "peak_std": 0.5267111452706552,
  "dec_mean": 29.215257067895855,
  "phase3_score": 40.58898948933577
}