{
  "n_folds": 12,
  "wmape_overall": {
    "mean": 33.506829773313214,
    "std": 5.594301426388442
  },
  "wmape_weighted": 33.19974270557934,
  "wmape_peak_11_12": {
    "mean": 29.948687384577127,
    "std": 1.7312110047655787
  },
  "wmape_dec": {
    "mean": 31.172838425711642,
    "std": 0.0
  },
  "bad_rate_wmape_ge_40": 0.08333333333333333
}