{
  "objective": "reg:absoluteerror",
  "eval_metric": "mae",
  "random_state": 42,
  "n_jobs": -1,
  "tree_method": "hist",
  "learning_rate": 0.050428197112004164,
  "n_estimators": 2900,
  "max_depth": 6,
  "min_child_weight": 5,
  "subsample": 0.6595051699155403,
  "colsample_bytree": 0.9063810472093574,
  "reg_lambda": 3.320823991423456,
  "reg_alpha": 0.0064186196728269465,
  "gamma": 2.107461015324276
}