{
  "n_folds": 12,
  "wmape_overall": {
    "mean": 32.6643694516889,
    "std": 4.792656430761044
  },
  "wmape_weighted": 32.576803686050525,
  "wmape_peak_11_12": {
    "mean": 29.634091363075733,
    "std": 2.713742676957548
  },
  "wmape_dec": {
    "mean": 31.55299721234775,
    "std": 0.0
  },
  "bad_rate_wmape_ge_40": 0.08333333333333333
}