{
  "roll_mode": "expanding",
  "roll_window_months": 24,
  "roll_min_train_periods": 22,
  "roll_gap": 0,
  "n_folds": 12,
  "wmape_mean": 32.6643694516889,
  "wmape_std": 4.5886191849733615,
  "wmape_dec_mean": 31.55299721234775,
  "wmape_dec_std": 0.0,
  "wmape_peak_mean": 29.634091363075733,
  "wmape_peak_std": 1.9189058492720168,
  "optimal_trees": 2900
}