{
  "objective": "reg:absoluteerror",
  "eval_metric": "mae",
  "random_state": 42,
  "n_jobs": -1,
  "tree_method": "hist",
  "learning_rate": 0.0146024014173433,
  "n_estimators": 2900,
  "max_depth": 7,
  "min_child_weight": 3,
  "subsample": 0.7533553328626486,
  "colsample_bytree": 0.8590172504961565,
  "reg_lambda": 7.853550382598049,
  "reg_alpha": 0.00038489006526848857,
  "gamma": 1.3187018768555934
}