{
  "n_folds": 12,
  "wmape_overall": {
    "mean": 33.903966192155636,
    "std": 5.578777714527407
  },
  "wmape_weighted": 33.86747322672064,
  "wmape_peak_11_12": {
    "mean": 32.2045226899276,
    "std": 2.7480339384990398
  },
  "wmape_dec": {
    "mean": 34.147676122771045,
    "std": 0.0
  },
  "bad_rate_wmape_ge_40": 0.08333333333333333
}