{
  "objective": "reg:absoluteerror",
  "eval_metric": "mae",
  "random_state": 42,
  "n_jobs": -1,
  "tree_method": "hist",
  "learning_rate": 0.07134797981731027,
  "n_estimators": 2900,
  "max_depth": 8,
  "min_child_weight": 2,
  "subsample": 0.6383961654435079,
  "colsample_bytree": 0.809608924858384,
  "reg_lambda": 0.05301238499600053,
  "reg_alpha": 4.047225927931705,
  "gamma": 2.702414263045834
}