{
  "n_folds": 12,
  "wmape_overall": {
    "mean": 33.26590213636926,
    "std": 5.194550843058272
  },
  "wmape_weighted": 33.04302893533127,
  "wmape_peak_11_12": {
    "mean": 29.835218131563174,
    "std": 1.6908907585146764
  },
  "wmape_dec": {
    "mean": 31.030858453154565,
    "std": 0.0
  },
  "bad_rate_wmape_ge_40": 0.08333333333333333
}