{
  "roll_mode": "expanding",
  "roll_window_months": 24,
  "roll_min_train_periods": 22,
  "roll_gap": 0,
  "n_folds": 12,
  "wmape_mean": 33.26590213636926,
  "wmape_std": 4.9734037897625285,
  "wmape_dec_mean": 31.030858453154565,
  "wmape_dec_std": 0.0,
  "wmape_peak_mean": 29.835218131563174,
  "wmape_peak_std": 1.1956403215913927,
  "optimal_trees": 2900
}