{
  "objective": "reg:absoluteerror",
  "eval_metric": "mae",
  "random_state": 42,
  "n_jobs": -1,
  "tree_method": "hist",
  "learning_rate": 0.06137044579229183,
  "n_estimators": 2900,
  "max_depth": 6,
  "min_child_weight": 14,
  "subsample": 0.988865539903975,
  "colsample_bytree": 0.8309025324685585,
  "reg_lambda": 5.8623526312154635,
  "reg_alpha": 0.00037656254749725927,
  "gamma": 0.8110160217724071
}