{
  "n_folds": 12,
  "wmape_overall": {
    "mean": 33.32557703097248,
    "std": 5.8179588943896885
  },
  "wmape_weighted": 32.74843660518081,
  "wmape_peak_11_12": {
    "mean": 28.802811945408088,
    "std": 1.0741858099063648
  },
  "wmape_dec": {
    "mean": 29.562376015847242,
    "std": 0.0
  },
  "bad_rate_wmape_ge_40": 0.08333333333333333
}