{
  "n_folds": 12,
  "wmape_overall": {
    "mean": 33.34487923059315,
    "std": 6.730820859105715
  },
  "wmape_weighted": 33.10346136102455,
  "wmape_peak_11_12": {
    "mean": 29.2422496567766,
    "std": 1.7825237818267117
  },
  "wmape_dec": {
    "mean": 30.50268431053256,
    "std": 0.0
  },
  "bad_rate_wmape_ge_40": 0.08333333333333333
}