{
  "roll_mode": "expanding",
  "roll_window_months": 24,
  "roll_min_train_periods": 22,
  "roll_gap": 0,
  "n_folds": 12,
  "wmape_mean": 33.34487923059315,
  "wmape_std": 6.444270347959615,
  "wmape_dec_mean": 30.50268431053256,
  "wmape_dec_std": 0.0,
  "wmape_peak_mean": 29.2422496567766,
  "wmape_peak_std": 1.2604346537559579,
  "optimal_trees": 2900
}