{
  "roll_mode": "expanding",
  "roll_window_months": 24,
  "roll_min_train_periods": 22,
  "roll_gap": 0,
  "n_folds": 12,
  "wmape_mean": 33.32557703097248,
  "wmape_std": 5.5702715573007815,
  "wmape_dec_mean": 29.562376015847242,
  "wmape_dec_std": 0.0,
  "wmape_peak_mean": 28.802811945408088,
  "wmape_peak_std": 0.7595640704391542,
  "optimal_trees": 1200
}