{
  "score": 34.88598514285126,
  "score_components": {
    "wmape_weighted": 33.10346136102455,
    "peak_std_11_12": 1.7825237818267117,
    "dec_mean": 30.50268431053256
  },
  "tradeoff_lambda": 1.0
}