{
  "objective": "reg:absoluteerror",
  "eval_metric": "mae",
  "random_state": 42,
  "n_jobs": -1,
  "tree_method": "hist",
  "learning_rate": 0.05092911283433821,
  "n_estimators": 2900,
  "max_depth": 7,
  "min_child_weight": 1,
  "subsample": 0.9879639408647978,
  "colsample_bytree": 0.9329770563201687,
  "reg_lambda": 0.039829941698924086,
  "reg_alpha": 0.000994890105809074,
  "gamma": 0.5502135295603015
}