{
  "n_folds": 12,
  "wmape_overall": {
    "mean": 33.06014074138678,
    "std": 6.33864732009455
  },
  "wmape_weighted": 32.71178937607374,
  "wmape_base_overall": {
    "mean": NaN,
    "std": NaN
  },
  "wmape_base_weighted": NaN,
  "wmape_gain_overall": {
    "mean": NaN,
    "std": NaN
  },
  "wmape_gain_weighted": NaN,
  "wmape_peak_11_12": {
    "mean": 28.379603609479684,
    "std": 0.06819734481502754
  },
  "wmape_gain_peak_11_12": {
    "mean": NaN,
    "std": NaN
  },
  "wmape_nov": {
    "mean": 28.33138080450206,
    "std": 0.0
  },
  "wmape_dec": {
    "mean": 28.427826414457307,
    "std": 0.0
  },
  "gain_positive_rate": 0.0,
  "bad_rate_wmape_ge_40": 0.08333333333333333,
  "corr_log_mean_abs": {
    "mean": NaN,
    "std": NaN
  },
  "phase3_score": 42.67857795733755,
  "phase3_score_components": {
    "wmape_weighted": 32.71178937607374,
    "peak_std_11_12": 0.06819734481502754,
    "dec_mean": 28.427826414457307
  },
  "phase3_score_coeff": {
    "peak_std_coef": 0.25,
    "dec_mean_coef": 0.35
  }
}