{
  "n_folds": 12,
  "wmape_overall": {
    "mean": 33.02724235133973,
    "std": 5.611136709092172
  },
  "wmape_weighted": 32.6454944877184,
  "wmape_peak_11_12": {
    "mean": 29.29322380401893,
    "std": 2.8391178252439824
  },
  "wmape_dec": {
    "mean": 31.30078327083655,
    "std": 0.0
  },
  "bad_rate_wmape_ge_40": 0.08333333333333333
}