{
  "n_folds": 12,
  "wmape_overall": {
    "mean": 33.23588642007047,
    "std": 5.969145153557351
  },
  "wmape_weighted": 32.70325456918359,
  "wmape_peak_11_12": {
    "mean": 28.365656981371572,
    "std": 0.7708915418863831
  },
  "wmape_dec": {
    "mean": 28.910759618198785,
    "std": 0.0
  },
  "bad_rate_wmape_ge_40": 0.08333333333333333
}