{
  "score": 33.47414611106998,
  "score_components": {
    "wmape_weighted": 32.70325456918359,
    "peak_std_11_12": 0.7708915418863831,
    "dec_mean": 28.910759618198785
  },
  "tradeoff_lambda": 1.0
}