{
  "objective": "reg:absoluteerror",
  "eval_metric": "mae",
  "random_state": 42,
  "n_jobs": -1,
  "tree_method": "hist",
  "learning_rate": 0.07218257167280559,
  "n_estimators": 2900,
  "max_depth": 4,
  "min_child_weight": 9,
  "subsample": 0.844929985446596,
  "colsample_bytree": 0.6666201835929481,
  "reg_lambda": 0.010554346377726068,
  "reg_alpha": 0.3206871343883081,
  "gamma": 2.447189511928628
}