{
  "objective": "reg:absoluteerror",
  "eval_metric": "mae",
  "random_state": 42,
  "n_jobs": -1,
  "tree_method": "hist",
  "learning_rate": 0.07046071082695149,
  "n_estimators": 750,
  "max_depth": 5,
  "min_child_weight": 14,
  "subsample": 0.7905405960251386,
  "colsample_bytree": 0.9595676717961346,
  "reg_lambda": 1.7838732436907627,
  "reg_alpha": 0.03328181971314125,
  "gamma": 2.519896302058755
}