{
  "n_folds": 12,
  "wmape_overall": {
    "mean": 31.903501300194918,
    "std": 5.600472440760445
  },
  "wmape_weighted": 31.54078809972506,
  "wmape_peak_11_12": {
    "mean": 27.556556049744323,
    "std": 1.8503191174643585
  },
  "wmape_dec": {
    "mean": 28.864929245062477,
    "std": 0.0
  },
  "bad_rate_wmape_ge_40": 0.08333333333333333
}