{
  "n_folds": 12,
  "wmape_overall": {
    "mean": 33.47357263609732,
    "std": 5.600131628899486
  },
  "wmape_weighted": 33.10751993486753,
  "wmape_peak_11_12": {
    "mean": 28.673638223980724,
    "std": 0.49806418574629446
  },
  "wmape_dec": {
    "mean": 29.025822787188083,
    "std": 0.0
  },
  "bad_rate_wmape_ge_40": 0.08333333333333333
}