{
  "roll_mode": "expanding",
  "roll_window_months": 24,
  "roll_min_train_periods": 22,
  "roll_gap": 0,
  "n_folds": 12,
  "wmape_mean": 33.47357263609732,
  "wmape_std": 5.361717828512025,
  "wmape_dec_mean": 29.025822787188083,
  "wmape_dec_std": 0.0,
  "wmape_peak_mean": 28.673638223980724,
  "wmape_peak_std": 0.352184563207361,
  "optimal_trees": 950
}