{
  "roll_mode": "expanding",
  "roll_window_months": 24,
  "roll_min_train_periods": 22,
  "roll_gap": 0,
  "n_folds": 12,
  "wmape_mean": 31.903501300194918,
  "wmape_std": 5.3620441310263525,
  "wmape_dec_mean": 28.864929245062477,
  "wmape_dec_std": 0.0,
  "wmape_peak_mean": 27.556556049744323,
  "wmape_peak_std": 1.3083731953181559,
  "optimal_trees": 2900
}