{
  "score": 33.391107217189415,
  "score_components": {
    "wmape_weighted": 31.54078809972506,
    "peak_std_11_12": 1.8503191174643585,
    "dec_mean": 28.864929245062477
  },
  "tradeoff_lambda": 1.0
}