{
  "objective": "reg:absoluteerror",
  "eval_metric": "mae",
  "random_state": 42,
  "n_jobs": -1,
  "tree_method": "hist",
  "learning_rate": 0.054382637839720305,
  "n_estimators": 950,
  "max_depth": 6,
  "min_child_weight": 11,
  "subsample": 0.9057776631706116,
  "colsample_bytree": 0.8855637761509636,
  "reg_lambda": 0.4722389027168171,
  "reg_alpha": 0.0017440116054480807,
  "gamma": 1.1552940225107973
}