{
  "objective": "reg:absoluteerror",
  "eval_metric": "mae",
  "random_state": 42,
  "n_jobs": -1,
  "tree_method": "hist",
  "learning_rate": 0.1294597424358852,
  "n_estimators": 2900,
  "max_depth": 3,
  "min_child_weight": 3,
  "subsample": 0.6018270225829578,
  "colsample_bytree": 0.8132273669611374,
  "reg_lambda": 1.1595127595547594,
  "reg_alpha": 0.10943349999864965,
  "gamma": 1.2030068675603003
}