{
  "n_folds": 12,
  "wmape_overall": {
    "mean": 33.334496447349665,
    "std": 4.934832105930173
  },
  "wmape_weighted": 32.91778721272566,
  "wmape_peak_11_12": {
    "mean": 29.655368985955043,
    "std": 1.2691124972399237
  },
  "wmape_dec": {
    "mean": 30.55276703884199,
    "std": 0.0
  },
  "bad_rate_wmape_ge_40": 0.08333333333333333
}