{
  "objective": "reg:absoluteerror",
  "eval_metric": "mae",
  "random_state": 42,
  "n_jobs": -1,
  "tree_method": "hist",
  "learning_rate": 0.1383359256415332,
  "n_estimators": 2900,
  "max_depth": 4,
  "min_child_weight": 5,
  "subsample": 0.9930888642413153,
  "colsample_bytree": 0.7281957862929529,
  "reg_lambda": 6.556237836488206,
  "reg_alpha": 0.12350867227871544,
  "gamma": 2.1159683044148205
}