{
  "roll_mode": "expanding",
  "roll_window_months": 24,
  "roll_min_train_periods": 12,
  "roll_gap": 1,
  "n_folds": 21,
  "wmape_mean": 26.00700337209084,
  "wmape_std": 6.2104094139071115,
  "wmape_dec_mean": 27.90598549688171,
  "wmape_dec_std": 0.0,
  "wmape_peak_mean": 28.719619170649906,
  "wmape_peak_std": 0.8136336737681962
}