{
  "n_folds": 12,
  "wmape_overall": {
    "mean": 32.56785634630096,
    "std": 5.723091046080052
  },
  "wmape_weighted": 32.33948912802457,
  "wmape_peak_11_12": {
    "mean": 28.097558412693772,
    "std": 1.929938043114296
  },
  "wmape_dec": {
    "mean": 29.462230690249786,
    "std": 0.0
  },
  "bad_rate_wmape_ge_40": 0.08333333333333333
}