{
  "roll_mode": "expanding",
  "roll_window_months": 24,
  "roll_min_train_periods": 22,
  "roll_gap": 0,
  "n_folds": 12,
  "wmape_mean": 32.56785634630096,
  "wmape_std": 5.479442507674619,
  "wmape_dec_mean": 29.462230690249786,
  "wmape_dec_std": 0.0,
  "wmape_peak_mean": 28.097558412693772,
  "wmape_peak_std": 1.3646722775560143,
  "optimal_trees": 2900
}