{
  "objective": "reg:absoluteerror",
  "eval_metric": "mae",
  "random_state": 42,
  "n_jobs": -1,
  "tree_method": "hist",
  "learning_rate": 0.07886377931665688,
  "n_estimators": 2900,
  "max_depth": 5,
  "min_child_weight": 8,
  "subsample": 0.9507108036583412,
  "colsample_bytree": 0.7412992948645035,
  "reg_lambda": 8.262835841101698,
  "reg_alpha": 2.2559355502379983,
  "gamma": 2.201855852308061
}