{
  "n_folds": 12,
  "wmape_overall": {
    "mean": 33.290628220774195,
    "std": 5.796510582159493
  },
  "wmape_weighted": 32.93077769979086,
  "wmape_peak_11_12": {
    "mean": 28.654569897563682,
    "std": 1.3413405713224618
  },
  "wmape_dec": {
    "mean": 29.603040911426433,
    "std": 0.0
  },
  "bad_rate_wmape_ge_40": 0.08333333333333333
}