{
  "roll_mode": "expanding",
  "roll_window_months": 24,
  "roll_min_train_periods": 22,
  "roll_gap": 0,
  "n_folds": 12,
  "wmape_mean": 33.290628220774195,
  "wmape_std": 5.549736361755971,
  "wmape_dec_mean": 29.603040911426433,
  "wmape_dec_std": 0.0,
  "wmape_peak_mean": 28.654569897563682,
  "wmape_peak_std": 0.9484710138627506,
  "optimal_trees": 2900
}