{
  "objective": "reg:absoluteerror",
  "eval_metric": "mae",
  "random_state": 42,
  "n_jobs": -1,
  "tree_method": "hist",
  "learning_rate": 0.05397087041800055,
  "n_estimators": 2900,
  "max_depth": 6,
  "min_child_weight": 14,
  "subsample": 0.7925667985671303,
  "colsample_bytree": 0.9641258984402655,
  "reg_lambda": 2.606086108532602,
  "reg_alpha": 2.242703732839393,
  "gamma": 2.6616038229374963
}