{
  "n_folds": 12,
  "wmape_overall": {
    "mean": 34.124450600380634,
    "std": 5.655201793775373
  },
  "wmape_weighted": 33.208418825248344,
  "wmape_peak_11_12": {
    "mean": 29.537147136405434,
    "std": 2.0184039597271126
  },
  "wmape_dec": {
    "mean": 28.109920009308613,
    "std": 0.0
  },
  "bad_rate_wmape_ge_40": 0.08333333333333333
}