{
  "roll_mode": "expanding",
  "roll_window_months": 24,
  "roll_min_train_periods": 22,
  "roll_gap": 0,
  "n_folds": 12,
  "wmape_mean": 34.12445060038063,
  "wmape_std": 5.414443497192811,
  "wmape_dec_mean": 28.109920009308613,
  "wmape_dec_std": 0.0,
  "wmape_peak_mean": 29.537147136405434,
  "wmape_peak_std": 1.4272271270968204,
  "optimal_trees": 2900
}