{
  "objective": "reg:absoluteerror",
  "eval_metric": "mae",
  "random_state": 42,
  "n_jobs": -1,
  "tree_method": "hist",
  "learning_rate": 0.11324281497789286,
  "n_estimators": 2900,
  "max_depth": 3,
  "min_child_weight": 8,
  "subsample": 0.6332546558735458,
  "colsample_bytree": 0.6450889182024918,
  "reg_lambda": 0.2963963232796465,
  "reg_alpha": 0.0019273694076300488,
  "gamma": 2.0382725121226417
}