{
  "n_folds": 12,
  "wmape_overall": {
    "mean": 33.099722126869814,
    "std": 5.666119708845318
  },
  "wmape_weighted": 32.5787554116065,
  "wmape_peak_11_12": {
    "mean": 27.72487488016141,
    "std": 0.8364952036702675
  },
  "wmape_dec": {
    "mean": 28.316366311106677,
    "std": 0.0
  },
  "bad_rate_wmape_ge_40": 0.08333333333333333
}