{
  "objective": "reg:absoluteerror",
  "eval_metric": "mae",
  "random_state": 42,
  "n_jobs": -1,
  "tree_method": "hist",
  "learning_rate": 0.06707466201374802,
  "n_estimators": 2900,
  "max_depth": 4,
  "min_child_weight": 5,
  "subsample": 0.9643083107504601,
  "colsample_bytree": 0.6718097250759362,
  "reg_lambda": 0.08554970625285842,
  "reg_alpha": 2.6209745475424486,
  "gamma": 1.8645981225835078
}