{
  "n_folds": 21,
  "wmape_overall": {
    "mean": 25.852887439486402,
    "std": 6.364539984329002
  },
  "wmape_weighted": 25.857161500841404,
  "wmape_base_overall": {
    "mean": NaN,
    "std": NaN
  },
  "wmape_base_weighted": NaN,
  "wmape_gain_overall": {
    "mean": NaN,
    "std": NaN
  },
  "wmape_gain_weighted": NaN,
  "wmape_peak_11_12": {
    "mean": 31.034897871952406,
    "std": 0.840603771752758
  },
  "wmape_gain_peak_11_12": {
    "mean": NaN,
    "std": NaN
  },
  "wmape_nov": {
    "mean": 31.62929449924977,
    "std": 0.0
  },
  "wmape_dec": {
    "mean": 30.440501244655042,
    "std": 0.0
  },
  "gain_positive_rate": 0.0,
  "bad_rate_wmape_ge_40": 0.0,
  "corr_log_mean_abs": {
    "mean": NaN,
    "std": NaN
  },
  "phase3_score": 36.721487879408855,
  "phase3_score_components": {
    "wmape_weighted": 25.857161500841404,
    "peak_std_11_12": 0.840603771752758,
    "dec_mean": 30.440501244655042
  },
  "phase3_score_coeff": {
    "peak_std_coef": 0.25,
    "dec_mean_coef": 0.35
  }
}