{
  "roll_mode": "expanding",
  "roll_window_months": 24,
  "roll_min_train_periods": 12,
  "roll_gap": 1,
  "n_folds": 21,
  "wmape_mean": 25.8528874394864,
  "wmape_std": 6.2111550349905285,
  "wmape_dec_mean": 30.440501244655042,
  "wmape_dec_std": 0.0,
  "wmape_peak_mean": 31.034897871952406,
  "wmape_peak_std": 0.594396627297364
}