{
  "n_folds": 21,
  "wmape_overall": {
    "mean": 32.63680277835839,
    "std": 7.598087545229222
  },
  "wmape_weighted": 31.869401226485955,
  "wmape_base_overall": {
    "mean": NaN,
    "std": NaN
  },
  "wmape_base_weighted": NaN,
  "wmape_gain_overall": {
    "mean": NaN,
    "std": NaN
  },
  "wmape_gain_weighted": NaN,
  "wmape_peak_11_12": {
    "mean": 33.916755397421895,
    "std": 1.1237021193672194
  },
  "wmape_gain_peak_11_12": {
    "mean": NaN,
    "std": NaN
  },
  "wmape_nov": {
    "mean": 34.71133278606015,
    "std": 0.0
  },
  "wmape_dec": {
    "mean": 33.122178008783635,
    "std": 0.0
  },
  "gain_positive_rate": 0.0,
  "bad_rate_wmape_ge_40": 0.09523809523809523,
  "corr_log_mean_abs": {
    "mean": NaN,
    "std": NaN
  },
  "phase3_score": 43.74308905940203,
  "phase3_score_components": {
    "wmape_weighted": 31.869401226485955,
    "peak_std_11_12": 1.1237021193672194,
    "dec_mean": 33.122178008783635
  },
  "phase3_score_coeff": {
    "peak_std_coef": 0.25,
    "dec_mean_coef": 0.35
  }
}