{
  "roll_mode": "expanding",
  "roll_window_months": 24,
  "roll_min_train_periods": 12,
  "roll_gap": 1,
  "n_folds": 21,
  "wmape_mean": 32.636802778358394,
  "wmape_std": 7.414974189658539,
  "wmape_dec_mean": 33.122178008783635,
  "wmape_dec_std": 0.0,
  "wmape_peak_mean": 33.916755397421895,
  "wmape_peak_std": 0.7945773886382561
}