{
  "n_folds": 12,
  "wmape_overall": {
    "mean": 32.86243015685272,
    "std": 4.805329171944563
  },
  "wmape_weighted": 32.79880940037608,
  "wmape_peak_11_12": {
    "mean": 29.293301991628073,
    "std": 2.3977732903102758
  },
  "wmape_dec": {
    "mean": 30.98878374495445,
    "std": 0.0
  },
  "bad_rate_wmape_ge_40": 0.08333333333333333
}