{
  "roll_mode": "expanding",
  "roll_window_months": 24,
  "roll_min_train_periods": 22,
  "roll_gap": 0,
  "n_folds": 12,
  "wmape_mean": 32.86243015685271,
  "wmape_std": 4.600752410912042,
  "wmape_dec_mean": 30.98878374495445,
  "wmape_dec_std": 0.0,
  "wmape_peak_mean": 29.293301991628073,
  "wmape_peak_std": 1.6954817533263764,
  "optimal_trees": 1350
}