{
  "score": 35.196582690686355,
  "score_components": {
    "wmape_weighted": 32.79880940037608,
    "peak_std_11_12": 2.3977732903102758,
    "dec_mean": 30.98878374495445
  },
  "tradeoff_lambda": 1.0
}