{
  "score": 35.261863951953615,
  "score_components": {
    "wmape_weighted": 32.85771108008118,
    "peak_std_11_12": 2.404152871872437,
    "dec_mean": 31.149717710802317
  },
  "tradeoff_lambda": 1.0
}