{
  "objective": "reg:absoluteerror",
  "eval_metric": "mae",
  "random_state": 42,
  "n_jobs": -1,
  "tree_method": "hist",
  "learning_rate": 0.02757359293934948,
  "n_estimators": 1350,
  "max_depth": 8,
  "min_child_weight": 11,
  "subsample": 0.8394633936788146,
  "colsample_bytree": 0.6624074561769746,
  "reg_lambda": 0.01555019165426488,
  "reg_alpha": 0.0005407712220288125,
  "gamma": 2.5985284373248057
}