{
  "n_folds": 12,
  "wmape_overall": {
    "mean": 32.8859499402678,
    "std": 5.207182477859327
  },
  "wmape_weighted": 32.647313730282455,
  "wmape_peak_11_12": {
    "mean": 29.421346773150816,
    "std": 1.7304766772173066
  },
  "wmape_dec": {
    "mean": 30.644978566296338,
    "std": 0.0
  },
  "bad_rate_wmape_ge_40": 0.08333333333333333
}