{
  "n_folds": 12,
  "wmape_overall": {
    "mean": 32.45986682423718,
    "std": 4.923385260616266
  },
  "wmape_weighted": 32.248517055202214,
  "wmape_peak_11_12": {
    "mean": 28.198414147864128,
    "std": 2.2571004791756053
  },
  "wmape_dec": {
    "mean": 29.794425202508602,
    "std": 0.0
  },
  "bad_rate_wmape_ge_40": 0.08333333333333333
}