{
  "roll_mode": "expanding",
  "roll_window_months": 24,
  "roll_min_train_periods": 22,
  "roll_gap": 0,
  "n_folds": 12,
  "wmape_mean": 32.8859499402678,
  "wmape_std": 4.985497659336337,
  "wmape_dec_mean": 30.644978566296338,
  "wmape_dec_std": 0.0,
  "wmape_peak_mean": 29.421346773150816,
  "wmape_peak_std": 1.2236317931455218,
  "optimal_trees": 2900
}