{
  "roll_mode": "expanding",
  "roll_window_months": 24,
  "roll_min_train_periods": 22,
  "roll_gap": 0,
  "n_folds": 12,
  "wmape_mean": 32.459866824237174,
  "wmape_std": 4.713782510442017,
  "wmape_dec_mean": 29.794425202508602,
  "wmape_dec_std": 0.0,
  "wmape_peak_mean": 28.198414147864128,
  "wmape_peak_std": 1.5960110546444763,
  "optimal_trees": 1800
}