{
  "score": 34.37779040749976,
  "score_components": {
    "wmape_weighted": 32.647313730282455,
    "peak_std_11_12": 1.7304766772173066,
    "dec_mean": 30.644978566296338
  },
  "tradeoff_lambda": 1.0
}