{
  "objective": "reg:absoluteerror",
  "eval_metric": "mae",
  "random_state": 42,
  "n_jobs": -1,
  "tree_method": "hist",
  "learning_rate": 0.02139954903017622,
  "n_estimators": 2900,
  "max_depth": 6,
  "min_child_weight": 3,
  "subsample": 0.9208787923016158,
  "colsample_bytree": 0.6298202574719083,
  "reg_lambda": 3.5416296712651336,
  "reg_alpha": 4.338624983446466,
  "gamma": 0.5961470446025172
}