{
  "n_folds": 12,
  "wmape_overall": {
    "mean": 33.98067188161843,
    "std": 5.096438837006268
  },
  "wmape_weighted": 33.552990242286974,
  "wmape_peak_11_12": {
    "mean": 32.8180711980702,
    "std": 4.7172195872642595
  },
  "wmape_dec": {
    "mean": 36.153649156570765,
    "std": 0.0
  },
  "bad_rate_wmape_ge_40": 0.08333333333333333
}