{
  "roll_mode": "expanding",
  "roll_window_months": 24,
  "roll_min_train_periods": 22,
  "roll_gap": 0,
  "n_folds": 12,
  "wmape_mean": 33.98067188161843,
  "wmape_std": 4.879468695571987,
  "wmape_dec_mean": 36.153649156570765,
  "wmape_dec_std": 0.0,
  "wmape_peak_mean": 32.8180711980702,
  "wmape_peak_std": 3.335577958500565,
  "optimal_trees": 2900
}