{
  "objective": "reg:absoluteerror",
  "eval_metric": "mae",
  "random_state": 42,
  "n_jobs": -1,
  "tree_method": "hist",
  "learning_rate": 0.11363602030970837,
  "n_estimators": 2900,
  "max_depth": 8,
  "min_child_weight": 7,
  "subsample": 0.6123601702749336,
  "colsample_bytree": 0.9782579284956014,
  "reg_lambda": 10.728403159550314,
  "reg_alpha": 0.0003083233280963671,
  "gamma": 1.283503316162638
}