{
  "n_folds": 12,
  "wmape_overall": {
    "mean": 32.55647015631525,
    "std": 4.826333510920434
  },
  "wmape_weighted": 32.45598992286365,
  "wmape_peak_11_12": {
    "mean": 29.563065368721105,
    "std": 1.2087325442243304
  },
  "wmape_dec": {
    "mean": 30.417768347382996,
    "std": 0.0
  },
  "bad_rate_wmape_ge_40": 0.08333333333333333
}