{
  "objective": "reg:absoluteerror",
  "eval_metric": "mae",
  "random_state": 42,
  "n_jobs": -1,
  "tree_method": "hist",
  "learning_rate": 0.01594445117426484,
  "n_estimators": 2900,
  "max_depth": 7,
  "min_child_weight": 12,
  "subsample": 0.6511250732647825,
  "colsample_bytree": 0.6503157718542525,
  "reg_lambda": 0.12985429109081004,
  "reg_alpha": 0.22613399617336674,
  "gamma": 2.6334937446719877
}