{
  "n_folds": 12,
  "wmape_overall": {
    "mean": 32.40305338247879,
    "std": 4.995040690976151
  },
  "wmape_weighted": 32.2970949740914,
  "wmape_peak_11_12": {
    "mean": 28.819014716216238,
    "std": 2.07411384685025
  },
  "wmape_dec": {
    "mean": 30.285634682276964,
    "std": 0.0
  },
  "bad_rate_wmape_ge_40": 0.08333333333333333
}