{
  "n_folds": 12,
  "wmape_overall": {
    "mean": 33.31966857631759,
    "std": 5.210377178630515
  },
  "wmape_weighted": 33.102973123005796,
  "wmape_peak_11_12": {
    "mean": 28.842925244095653,
    "std": 2.852514290271806
  },
  "wmape_dec": {
    "mean": 30.85995744217838,
    "std": 0.0
  },
  "bad_rate_wmape_ge_40": 0.08333333333333333
}