{
  "roll_mode": "expanding",
  "roll_window_months": 24,
  "roll_min_train_periods": 22,
  "roll_gap": 0,
  "n_folds": 12,
  "wmape_mean": 32.40305338247879,
  "wmape_std": 4.782387361886517,
  "wmape_dec_mean": 30.285634682276964,
  "wmape_dec_std": 0.0,
  "wmape_peak_mean": 28.819014716216238,
  "wmape_peak_std": 1.466619966060728,
  "optimal_trees": 2900
}