{
  "score": 34.37120882094165,
  "score_components": {
    "wmape_weighted": 32.2970949740914,
    "peak_std_11_12": 2.07411384685025,
    "dec_mean": 30.285634682276964
  },
  "tradeoff_lambda": 1.0
}