{
  "objective": "reg:absoluteerror",
  "eval_metric": "mae",
  "random_state": 42,
  "n_jobs": -1,
  "tree_method": "hist",
  "learning_rate": 0.012214413655758493,
  "n_estimators": 450,
  "max_depth": 6,
  "min_child_weight": 2,
  "subsample": 0.6271172788457633,
  "colsample_bytree": 0.6350718488563108,
  "reg_lambda": 0.011331770210401864,
  "reg_alpha": 4.854773982401913,
  "gamma": 2.5525537531632043
}