{
  "objective": "reg:absoluteerror",
  "eval_metric": "mae",
  "random_state": 42,
  "n_jobs": -1,
  "tree_method": "hist",
  "learning_rate": 0.010315491297474317,
  "n_estimators": 2900,
  "max_depth": 7,
  "min_child_weight": 6,
  "subsample": 0.8610718225085409,
  "colsample_bytree": 0.7175273165565765,
  "reg_lambda": 0.6954930183379842,
  "reg_alpha": 3.304947706979485,
  "gamma": 0.22159664008171864
}