{
  "n_folds": 12,
  "wmape_overall": {
    "mean": 33.00624732890054,
    "std": 5.554435422078576
  },
  "wmape_weighted": 32.56763190288225,
  "wmape_peak_11_12": {
    "mean": 27.626202263202725,
    "std": 2.0870931566155795
  },
  "wmape_dec": {
    "mean": 29.101999987213638,
    "std": 0.0
  },
  "bad_rate_wmape_ge_40": 0.08333333333333333
}