{
  "objective": "reg:absoluteerror",
  "eval_metric": "mae",
  "random_state": 42,
  "n_jobs": -1,
  "tree_method": "hist",
  "learning_rate": 0.045789370799230726,
  "n_estimators": 2900,
  "max_depth": 3,
  "min_child_weight": 12,
  "subsample": 0.9230687944222863,
  "colsample_bytree": 0.8760275199844954,
  "reg_lambda": 0.49222442653093007,
  "reg_alpha": 0.0007675392665033403,
  "gamma": 1.3984522735640168
}