{
  "n_folds": 12,
  "wmape_overall": {
    "mean": 32.644285653436796,
    "std": 5.171124700196207
  },
  "wmape_weighted": 32.49549617405271,
  "wmape_peak_11_12": {
    "mean": 29.51864544824076,
    "std": 1.7299684297838027
  },
  "wmape_dec": {
    "mean": 30.741917856179533,
    "std": 0.0
  },
  "bad_rate_wmape_ge_40": 0.08333333333333333
}