{
  "n_folds": 21,
  "wmape_overall": {
    "mean": 33.35761520425656,
    "std": 7.604494618682325
  },
  "wmape_weighted": 32.54214073252365,
  "wmape_base_overall": {
    "mean": NaN,
    "std": NaN
  },
  "wmape_base_weighted": NaN,
  "wmape_gain_overall": {
    "mean": NaN,
    "std": NaN
  },
  "wmape_gain_weighted": NaN,
  "wmape_peak_11_12": {
    "mean": 34.06628904180462,
    "std": 1.06580054941491
  },
  "wmape_gain_peak_11_12": {
    "mean": NaN,
    "std": NaN
  },
  "wmape_nov": {
    "mean": 34.81992383768826,
    "std": 0.0
  },
  "wmape_dec": {
    "mean": 33.312654245920996,
    "std": 0.0
  },
  "gain_positive_rate": 0.0,
  "bad_rate_wmape_ge_40": 0.09523809523809523,
  "corr_log_mean_abs": {
    "mean": NaN,
    "std": NaN
  },
  "phase3_score": 44.46801985594973,
  "phase3_score_components": {
    "wmape_weighted": 32.54214073252365,
    "peak_std_11_12": 1.06580054941491,
    "dec_mean": 33.312654245920996
  },
  "phase3_score_coeff": {
    "peak_std_coef": 0.25,
    "dec_mean_coef": 0.35
  }
}