{
  "n_folds": 21,
  "wmape_overall": {
    "mean": 32.662485765294065,
    "std": 7.689488712341272
  },
  "wmape_weighted": 31.882064358320594,
  "wmape_base_overall": {
    "mean": NaN,
    "std": NaN
  },
  "wmape_base_weighted": NaN,
  "wmape_gain_overall": {
    "mean": NaN,
    "std": NaN
  },
  "wmape_gain_weighted": NaN,
  "wmape_peak_11_12": {
    "mean": 33.85418912353219,
    "std": 1.175107252553659
  },
  "wmape_gain_peak_11_12": {
    "mean": NaN,
    "std": NaN
  },
  "wmape_nov": {
    "mean": 34.68511543043437,
    "std": 0.0
  },
  "wmape_dec": {
    "mean": 33.02326281663,
    "std": 0.0
  },
  "gain_positive_rate": 0.0,
  "bad_rate_wmape_ge_40": 0.09523809523809523,
  "corr_log_mean_abs": {
    "mean": NaN,
    "std": NaN
  },
  "phase3_score": 43.73398315727951,
  "phase3_score_components": {
    "wmape_weighted": 31.882064358320594,
    "peak_std_11_12": 1.175107252553659,
    "dec_mean": 33.02326281663
  },
  "phase3_score_coeff": {
    "peak_std_coef": 0.25,
    "dec_mean_coef": 0.35
  }
}