{
  "roll_mode": "expanding",
  "roll_window_months": 24,
  "roll_min_train_periods": 12,
  "roll_gap": 1,
  "n_folds": 21,
  "wmape_mean": 32.66248576529407,
  "wmape_std": 7.504172595310768,
  "wmape_dec_mean": 33.02326281663,
  "wmape_dec_std": 0.0,
  "wmape_peak_mean": 33.85418912353219,
  "wmape_peak_std": 0.8309263069021853
}