{
  "n_folds": 12,
  "wmape_overall": {
    "mean": 33.544327254074645,
    "std": 5.864430853585112
  },
  "wmape_weighted": 33.017811788113214,
  "wmape_peak_11_12": {
    "mean": 28.826322489726305,
    "std": 0.9994377259042987
  },
  "wmape_dec": {
    "mean": 29.533031683086897,
    "std": 0.0
  },
  "bad_rate_wmape_ge_40": 0.08333333333333333
}