{
  "roll_mode": "expanding",
  "roll_window_months": 24,
  "roll_min_train_periods": 22,
  "roll_gap": 0,
  "n_folds": 12,
  "wmape_mean": 33.54432725407465,
  "wmape_std": 5.614765070785027,
  "wmape_dec_mean": 29.533031683086897,
  "wmape_dec_std": 0.0,
  "wmape_peak_mean": 28.826322489726305,
  "wmape_peak_std": 0.7067091933605916,
  "optimal_trees": 2900
}