{
  "objective": "reg:absoluteerror",
  "eval_metric": "mae",
  "random_state": 42,
  "n_jobs": -1,
  "tree_method": "hist",
  "learning_rate": 0.05908257272995571,
  "n_estimators": 2900,
  "max_depth": 4,
  "min_child_weight": 14,
  "subsample": 0.862514517302591,
  "colsample_bytree": 0.9236296823833363,
  "reg_lambda": 0.10303063117434573,
  "reg_alpha": 0.0011150972223054644,
  "gamma": 1.493426321924583
}