{
  "n_folds": 12,
  "wmape_overall": {
    "mean": 32.90965442492259,
    "std": 5.313728764131792
  },
  "wmape_weighted": 32.409299105114975,
  "wmape_peak_11_12": {
    "mean": 28.337100187102713,
    "std": 1.0347228557223367
  },
  "wmape_dec": {
    "mean": 29.06875973503269,
    "std": 0.0
  },
  "bad_rate_wmape_ge_40": 0.08333333333333333
}