{
  "roll_mode": "expanding",
  "roll_window_months": 24,
  "roll_min_train_periods": 22,
  "roll_gap": 0,
  "n_folds": 12,
  "wmape_mean": 32.909654424922586,
  "wmape_std": 5.087507962044363,
  "wmape_dec_mean": 29.06875973503269,
  "wmape_dec_std": 0.0,
  "wmape_peak_mean": 28.337100187102713,
  "wmape_peak_std": 0.7316595479299739,
  "optimal_trees": 2900
}