{
  "objective": "reg:absoluteerror",
  "eval_metric": "mae",
  "random_state": 42,
  "n_jobs": -1,
  "tree_method": "hist",
  "learning_rate": 0.016452411805725996,
  "n_estimators": 2900,
  "max_depth": 3,
  "min_child_weight": 4,
  "subsample": 0.7935966896765526,
  "colsample_bytree": 0.9153312363059324,
  "reg_lambda": 0.013371493455694255,
  "reg_alpha": 0.0515821487184545,
  "gamma": 2.85655854691652
}