{
  "n_folds": 12,
  "wmape_overall": {
    "mean": 32.647523157861585,
    "std": 5.544724184023736
  },
  "wmape_weighted": 32.38297453719161,
  "wmape_peak_11_12": {
    "mean": 28.72527033446294,
    "std": 2.6978377326031526
  },
  "wmape_dec": {
    "mean": 30.632929689727572,
    "std": 0.0
  },
  "bad_rate_wmape_ge_40": 0.08333333333333333
}