{
  "n_folds": 12,
  "wmape_overall": {
    "mean": 32.73972335605515,
    "std": 5.078181014972582
  },
  "wmape_weighted": 32.62483907764382,
  "wmape_peak_11_12": {
    "mean": 28.90101154164306,
    "std": 3.35097278917691
  },
  "wmape_dec": {
    "mean": 31.270507124441654,
    "std": 0.0
  },
  "bad_rate_wmape_ge_40": 0.08333333333333333
}