{
  "roll_mode": "expanding",
  "roll_window_months": 24,
  "roll_min_train_periods": 22,
  "roll_gap": 0,
  "n_folds": 12,
  "wmape_mean": 32.64752315786159,
  "wmape_std": 5.308669238816468,
  "wmape_dec_mean": 30.632929689727572,
  "wmape_dec_std": 0.0,
  "wmape_peak_mean": 28.72527033446294,
  "wmape_peak_std": 1.907659355264629,
  "optimal_trees": 2900
}