{
  "score": 35.08081226979476,
  "score_components": {
    "wmape_weighted": 32.38297453719161,
    "peak_std_11_12": 2.6978377326031526,
    "dec_mean": 30.632929689727572
  },
  "tradeoff_lambda": 1.0
}