{
  "objective": "reg:absoluteerror",
  "eval_metric": "mae",
  "random_state": 42,
  "n_jobs": -1,
  "tree_method": "hist",
  "learning_rate": 0.01901159191765081,
  "n_estimators": 2900,
  "max_depth": 6,
  "min_child_weight": 1,
  "subsample": 0.693547597976856,
  "colsample_bytree": 0.8481788163094311,
  "reg_lambda": 3.2551636055764877,
  "reg_alpha": 0.2464969348463328,
  "gamma": 1.3059139547752547
}