{
  "objective": "reg:absoluteerror",
  "eval_metric": "mae",
  "random_state": 42,
  "n_jobs": -1,
  "tree_method": "hist",
  "learning_rate": 0.053666384929097546,
  "n_estimators": 1200,
  "max_depth": 7,
  "min_child_weight": 11,
  "subsample": 0.9044592535704741,
  "colsample_bytree": 0.7741218606367006,
  "reg_lambda": 0.12035293959798822,
  "reg_alpha": 0.00028441975698983757,
  "gamma": 0.6607588689644903
}