{
  "n_folds": 21,
  "wmape_overall": {
    "mean": 32.90003740419423,
    "std": 7.784573914242626
  },
  "wmape_weighted": 32.08380192800954,
  "wmape_base_overall": {
    "mean": NaN,
    "std": NaN
  },
  "wmape_base_weighted": NaN,
  "wmape_gain_overall": {
    "mean": NaN,
    "std": NaN
  },
  "wmape_gain_weighted": NaN,
  "wmape_peak_11_12": {
    "mean": 33.89347488858024,
    "std": 1.3002519606703564
  },
  "wmape_gain_peak_11_12": {
    "mean": NaN,
    "std": NaN
  },
  "wmape_nov": {
    "mean": 34.81289186722136,
    "std": 0.0
  },
  "wmape_dec": {
    "mean": 32.974057909939134,
    "std": 0.0
  },
  "gain_positive_rate": 0.0,
  "bad_rate_wmape_ge_40": 0.09523809523809523,
  "corr_log_mean_abs": {
    "mean": NaN,
    "std": NaN
  },
  "phase3_score": 43.94978518665583,
  "phase3_score_components": {
    "wmape_weighted": 32.08380192800954,
    "peak_std_11_12": 1.3002519606703564,
    "dec_mean": 32.974057909939134
  },
  "phase3_score_coeff": {
    "peak_std_coef": 0.25,
    "dec_mean_coef": 0.35
  }
}