{
  "n_folds": 12,
  "wmape_overall": {
    "mean": 33.41085705737512,
    "std": 5.391750841853958
  },
  "wmape_weighted": 33.07956698133689,
  "wmape_peak_11_12": {
    "mean": 30.007293609713535,
    "std": 1.638092448613045
  },
  "wmape_dec": {
    "mean": 31.165599888338296,
    "std": 0.0
  },
  "bad_rate_wmape_ge_40": 0.08333333333333333
}