{
  "roll_mode": "expanding",
  "roll_window_months": 24,
  "roll_min_train_periods": 22,
  "roll_gap": 0,
  "n_folds": 12,
  "wmape_mean": 33.41085705737512,
  "wmape_std": 5.1622084142590365,
  "wmape_dec_mean": 31.165599888338296,
  "wmape_dec_std": 0.0,
  "wmape_peak_mean": 30.007293609713535,
  "wmape_peak_std": 1.1583062786247602,
  "optimal_trees": 2900
}