{
  "objective": "reg:absoluteerror",
  "eval_metric": "mae",
  "random_state": 42,
  "n_jobs": -1,
  "tree_method": "hist",
  "learning_rate": 0.12553922887835262,
  "n_estimators": 2900,
  "max_depth": 3,
  "min_child_weight": 3,
  "subsample": 0.9762807547539097,
  "colsample_bytree": 0.642982782009928,
  "reg_lambda": 10.072662981243484,
  "reg_alpha": 0.0645650704469621,
  "gamma": 1.8733380534841597
}