{
  "n_folds": 12,
  "wmape_overall": {
    "mean": 33.73699107273327,
    "std": 5.570465566105313
  },
  "wmape_weighted": 33.08712542432798,
  "wmape_peak_11_12": {
    "mean": 29.239834213583848,
    "std": 0.4814242213912791
  },
  "wmape_dec": {
    "mean": 29.580252545157077,
    "std": 0.0
  },
  "bad_rate_wmape_ge_40": 0.08333333333333333
}