{
  "n_folds": 12,
  "wmape_overall": {
    "mean": 33.48048570378826,
    "std": 4.770681923696936
  },
  "wmape_weighted": 33.015391032791506,
  "wmape_peak_11_12": {
    "mean": 29.709137411026127,
    "std": 0.3321389267526801
  },
  "wmape_dec": {
    "mean": 29.474279723623287,
    "std": 0.0
  },
  "bad_rate_wmape_ge_40": 0.08333333333333333
}