{
  "roll_mode": "expanding",
  "roll_window_months": 24,
  "roll_min_train_periods": 22,
  "roll_gap": 0,
  "n_folds": 12,
  "wmape_mean": 33.73699107273326,
  "wmape_std": 5.333314735812483,
  "wmape_dec_mean": 29.580252545157077,
  "wmape_dec_std": 0.0,
  "wmape_peak_mean": 29.239834213583848,
  "wmape_peak_std": 0.3404183315732272,
  "optimal_trees": 2900
}