{
  "roll_mode": "expanding",
  "roll_window_months": 24,
  "roll_min_train_periods": 22,
  "roll_gap": 0,
  "n_folds": 12,
  "wmape_mean": 33.48048570378826,
  "wmape_std": 4.567580196230601,
  "wmape_dec_mean": 29.474279723623287,
  "wmape_dec_std": 0.0,
  "wmape_peak_mean": 29.709137411026127,
  "wmape_peak_std": 0.23485768740284207,
  "optimal_trees": 1800
}