{
  "score": 33.56854964571926,
  "score_components": {
    "wmape_weighted": 33.08712542432798,
    "peak_std_11_12": 0.4814242213912791,
    "dec_mean": 29.580252545157077
  },
  "tradeoff_lambda": 1.0
}