{
  "objective": "reg:absoluteerror",
  "eval_metric": "mae",
  "random_state": 42,
  "n_jobs": -1,
  "tree_method": "hist",
  "learning_rate": 0.04288102929442894,
  "n_estimators": 2900,
  "max_depth": 4,
  "min_child_weight": 11,
  "subsample": 0.9494995623818279,
  "colsample_bytree": 0.9211677149916974,
  "reg_lambda": 0.13152201006368913,
  "reg_alpha": 0.21784209498027948,
  "gamma": 1.2936938473731128
}