{
  "objective": "reg:absoluteerror",
  "eval_metric": "mae",
  "random_state": 42,
  "n_jobs": -1,
  "tree_method": "hist",
  "learning_rate": 0.08196459142512263,
  "n_estimators": 1800,
  "max_depth": 5,
  "min_child_weight": 5,
  "subsample": 0.7379186865225469,
  "colsample_bytree": 0.6174363910548218,
  "reg_lambda": 0.017758972225640178,
  "reg_alpha": 0.0031445923242906437,
  "gamma": 1.8913101862172246
}