{
  "n_folds": 12,
  "wmape_overall": {
    "mean": 33.08042021066202,
    "std": 5.4220906542428695
  },
  "wmape_weighted": 32.584172132653904,
  "wmape_peak_11_12": {
    "mean": 28.849270183230896,
    "std": 0.6242453516152358
  },
  "wmape_dec": {
    "mean": 29.29067830448221,
    "std": 0.0
  },
  "bad_rate_wmape_ge_40": 0.08333333333333333
}