{
  "roll_mode": "expanding",
  "roll_window_months": 24,
  "roll_min_train_periods": 22,
  "roll_gap": 0,
  "n_folds": 12,
  "wmape_mean": 33.08042021066203,
  "wmape_std": 5.191256573084422,
  "wmape_dec_mean": 29.29067830448221,
  "wmape_dec_std": 0.0,
  "wmape_peak_mean": 28.849270183230896,
  "wmape_peak_std": 0.4414081212513139,
  "optimal_trees": 2900
}