{
  "objective": "reg:absoluteerror",
  "eval_metric": "mae",
  "random_state": 42,
  "n_jobs": -1,
  "tree_method": "hist",
  "learning_rate": 0.03853103266059895,
  "n_estimators": 2900,
  "max_depth": 4,
  "min_child_weight": 14,
  "subsample": 0.8220945804624364,
  "colsample_bytree": 0.6561995892869351,
  "reg_lambda": 0.04299900838549059,
  "reg_alpha": 0.2108231046790004,
  "gamma": 2.9634275714306617
}