{
  "n_folds": 12,
  "wmape_overall": {
    "mean": 33.152761314208895,
    "std": 4.998376492146419
  },
  "wmape_weighted": 32.79527538332297,
  "wmape_peak_11_12": {
    "mean": 30.378335617711475,
    "std": 0.618752184675243
  },
  "wmape_dec": {
    "mean": 29.94081175205362,
    "std": 0.0
  },
  "bad_rate_wmape_ge_40": 0.08333333333333333
}