{
  "n_folds": 12,
  "wmape_overall": {
    "mean": 33.18257241558111,
    "std": 5.2956246926849575
  },
  "wmape_weighted": 33.034486552071904,
  "wmape_peak_11_12": {
    "mean": 29.56977146896942,
    "std": 1.443906489748013
  },
  "wmape_dec": {
    "mean": 30.590767539269503,
    "std": 0.0
  },
  "bad_rate_wmape_ge_40": 0.08333333333333333
}