{
  "score": 34.47839304181991,
  "score_components": {
    "wmape_weighted": 33.034486552071904,
    "peak_std_11_12": 1.443906489748013,
    "dec_mean": 30.590767539269503
  },
  "tradeoff_lambda": 1.0
}