{
  "objective": "reg:absoluteerror",
  "eval_metric": "mae",
  "random_state": 42,
  "n_jobs": -1,
  "tree_method": "hist",
  "learning_rate": 0.10817021583089548,
  "n_estimators": 1600,
  "max_depth": 3,
  "min_child_weight": 6,
  "subsample": 0.9331270398923088,
  "colsample_bytree": 0.8875999168297778,
  "reg_lambda": 0.352443939704669,
  "reg_alpha": 2.4726729181716576,
  "gamma": 0.2966672206750658
}