{
  "objective": "reg:absoluteerror",
  "eval_metric": "mae",
  "random_state": 42,
  "n_jobs": -1,
  "tree_method": "hist",
  "learning_rate": 0.05155376450910264,
  "n_estimators": 2900,
  "max_depth": 6,
  "min_child_weight": 11,
  "subsample": 0.7478295363040817,
  "colsample_bytree": 0.7912108321984976,
  "reg_lambda": 0.022039546018326583,
  "reg_alpha": 0.009081140809134098,
  "gamma": 2.789908871612348
}