{
  "n_folds": 21,
  "wmape_overall": {
    "mean": 32.95468078984744,
    "std": 7.816620843852463
  },
  "wmape_weighted": 32.12996819725804,
  "wmape_base_overall": {
    "mean": NaN,
    "std": NaN
  },
  "wmape_base_weighted": NaN,
  "wmape_gain_overall": {
    "mean": NaN,
    "std": NaN
  },
  "wmape_gain_weighted": NaN,
  "wmape_peak_11_12": {
    "mean": 33.82906740296416,
    "std": 1.2963368042490213
  },
  "wmape_gain_peak_11_12": {
    "mean": NaN,
    "std": NaN
  },
  "wmape_nov": {
    "mean": 34.74571594795034,
    "std": 0.0
  },
  "wmape_dec": {
    "mean": 32.912418857977976,
    "std": 0.0
  },
  "gain_positive_rate": 0.0,
  "bad_rate_wmape_ge_40": 0.09523809523809523,
  "corr_log_mean_abs": {
    "mean": NaN,
    "std": NaN
  },
  "phase3_score": 43.97339899861258,
  "phase3_score_components": {
    "wmape_weighted": 32.12996819725804,
    "peak_std_11_12": 1.2963368042490213,
    "dec_mean": 32.912418857977976
  },
  "phase3_score_coeff": {
    "peak_std_coef": 0.25,
    "dec_mean_coef": 0.35
  }
}