{
  "roll_mode": "expanding",
  "roll_window_months": 24,
  "roll_min_train_periods": 12,
  "roll_gap": 1,
  "n_folds": 21,
  "wmape_mean": 32.95468078984743,
  "wmape_std": 7.628240851726645,
  "wmape_dec_mean": 32.912418857977976,
  "wmape_dec_std": 0.0,
  "wmape_peak_mean": 33.82906740296416,
  "wmape_peak_std": 0.916648544986181
}