{
  "n_folds": 12,
  "wmape_overall": {
    "mean": 32.839773986688286,
    "std": 5.164498664408046
  },
  "wmape_weighted": 32.5574836656211,
  "wmape_peak_11_12": {
    "mean": 29.110171958246195,
    "std": 1.687392584450973
  },
  "wmape_dec": {
    "mean": 30.30333869723537,
    "std": 0.0
  },
  "bad_rate_wmape_ge_40": 0.16666666666666666
}