{
  "n_folds": 12,
  "wmape_overall": {
    "mean": 32.2257621727159,
    "std": 5.676094272512541
  },
  "wmape_weighted": 32.002481940452284,
  "wmape_peak_11_12": {
    "mean": 28.051836596828327,
    "std": 1.9748934108384264
  },
  "wmape_dec": {
    "mean": 29.44829711975281,
    "std": 0.0
  },
  "bad_rate_wmape_ge_40": 0.08333333333333333
}