{
  "score": 34.244876250072075,
  "score_components": {
    "wmape_weighted": 32.5574836656211,
    "peak_std_11_12": 1.687392584450973,
    "dec_mean": 30.30333869723537
  },
  "tradeoff_lambda": 1.0
}