{
  "objective": "reg:absoluteerror",
  "eval_metric": "mae",
  "random_state": 42,
  "n_jobs": -1,
  "tree_method": "hist",
  "learning_rate": 0.14431131984213594,
  "n_estimators": 2900,
  "max_depth": 4,
  "min_child_weight": 9,
  "subsample": 0.6826295661261632,
  "colsample_bytree": 0.6890835844321278,
  "reg_lambda": 0.24414308002386462,
  "reg_alpha": 0.0022698966819928905,
  "gamma": 0.0759857858367079
}