{
  "objective": "reg:absoluteerror",
  "eval_metric": "mae",
  "random_state": 42,
  "n_jobs": -1,
  "tree_method": "hist",
  "learning_rate": 0.0688095888774112,
  "n_estimators": 1950,
  "max_depth": 5,
  "min_child_weight": 4,
  "subsample": 0.8618725488238025,
  "colsample_bytree": 0.9619727992423948,
  "reg_lambda": 0.08686867991745877,
  "reg_alpha": 0.5360344188588029,
  "gamma": 0.6864212213509894
}