{
  "n_folds": 12,
  "wmape_overall": {
    "mean": 32.869063352970734,
    "std": 5.267354682384124
  },
  "wmape_weighted": 32.50918854701852,
  "wmape_peak_11_12": {
    "mean": 28.578767659630728,
    "std": 1.1362009601488932
  },
  "wmape_dec": {
    "mean": 29.382183063342676,
    "std": 0.0
  },
  "bad_rate_wmape_ge_40": 0.08333333333333333
}