{
  "roll_mode": "expanding",
  "roll_window_months": 24,
  "roll_min_train_periods": 22,
  "roll_gap": 0,
  "n_folds": 12,
  "wmape_mean": 32.869063352970734,
  "wmape_std": 5.043108159081837,
  "wmape_dec_mean": 29.382183063342676,
  "wmape_dec_std": 0.0,
  "wmape_peak_mean": 28.578767659630728,
  "wmape_peak_std": 0.8034154037119485,
  "optimal_trees": 2900
}