{
  "objective": "reg:absoluteerror",
  "eval_metric": "mae",
  "random_state": 42,
  "n_jobs": -1,
  "tree_method": "hist",
  "learning_rate": 0.025449488045148277,
  "n_estimators": 2900,
  "max_depth": 5,
  "min_child_weight": 9,
  "subsample": 0.7074580014231393,
  "colsample_bytree": 0.8278019917921747,
  "reg_lambda": 0.052797548036215794,
  "reg_alpha": 0.15545596306411175,
  "gamma": 0.013223006596446818
}