{
  "n_folds": 21,
  "wmape_overall": {
    "mean": 33.21852291939393,
    "std": 7.759029286210334
  },
  "wmape_weighted": 32.3939300814712,
  "wmape_base_overall": {
    "mean": NaN,
    "std": NaN
  },
  "wmape_base_weighted": NaN,
  "wmape_gain_overall": {
    "mean": NaN,
    "std": NaN
  },
  "wmape_gain_weighted": NaN,
  "wmape_peak_11_12": {
    "mean": 34.075343686716764,
    "std": 1.1173588916992985
  },
  "wmape_gain_peak_11_12": {
    "mean": NaN,
    "std": NaN
  },
  "wmape_nov": {
    "mean": 34.86543573605642,
    "std": 0.0
  },
  "wmape_dec": {
    "mean": 33.2852516373771,
    "std": 0.0
  },
  "gain_positive_rate": 0.0,
  "bad_rate_wmape_ge_40": 0.09523809523809523,
  "corr_log_mean_abs": {
    "mean": NaN,
    "std": NaN
  },
  "phase3_score": 44.32310787747801,
  "phase3_score_components": {
    "wmape_weighted": 32.3939300814712,
    "peak_std_11_12": 1.1173588916992985,
    "dec_mean": 33.2852516373771
  },
  "phase3_score_coeff": {
    "peak_std_coef": 0.25,
    "dec_mean_coef": 0.35
  }
}