{
  "n_folds": 12,
  "wmape_overall": {
    "mean": 32.56463213952645,
    "std": 5.815750270930993
  },
  "wmape_weighted": 32.262321365716296,
  "wmape_peak_11_12": {
    "mean": 28.765438025246553,
    "std": 1.581408213380948
  },
  "wmape_dec": {
    "mean": 29.883662496752322,
    "std": 0.0
  },
  "bad_rate_wmape_ge_40": 0.08333333333333333
}