{
  "objective": "reg:absoluteerror",
  "eval_metric": "mae",
  "random_state": 42,
  "n_jobs": -1,
  "tree_method": "hist",
  "learning_rate": 0.05384697304974024,
  "n_estimators": 2900,
  "max_depth": 5,
  "min_child_weight": 10,
  "subsample": 0.8751304107697359,
  "colsample_bytree": 0.6838089705200933,
  "reg_lambda": 0.01650711460081558,
  "reg_alpha": 0.08973515290131107,
  "gamma": 2.7033061959947347
}