{
  "n_folds": 12,
  "wmape_overall": {
    "mean": 32.023921651098895,
    "std": 5.28052433000403
  },
  "wmape_weighted": 31.896409967922605,
  "wmape_peak_11_12": {
    "mean": 28.85569748890517,
    "std": 0.7594695472857586
  },
  "wmape_dec": {
    "mean": 29.392723555895607,
    "std": 0.0
  },
  "bad_rate_wmape_ge_40": 0.08333333333333333
}