{
  "objective": "reg:absoluteerror",
  "eval_metric": "mae",
  "random_state": 42,
  "n_jobs": -1,
  "tree_method": "hist",
  "learning_rate": 0.03361921155350764,
  "n_estimators": 2900,
  "max_depth": 5,
  "min_child_weight": 6,
  "subsample": 0.780928569627059,
  "colsample_bytree": 0.6248993222605825,
  "reg_lambda": 0.7939411319987361,
  "reg_alpha": 2.0939954990711587,
  "gamma": 0.6231048405903902
}