{
  "n_folds": 12,
  "wmape_overall": {
    "mean": 32.87342870202651,
    "std": 5.066272973434999
  },
  "wmape_weighted": 32.529418603861046,
  "wmape_peak_11_12": {
    "mean": 29.32281060945243,
    "std": 0.9353949692623218
  },
  "wmape_dec": {
    "mean": 29.9842347353056,
    "std": 0.0
  },
  "bad_rate_wmape_ge_40": 0.08333333333333333
}