{
  "objective": "reg:absoluteerror",
  "eval_metric": "mae",
  "random_state": 42,
  "n_jobs": -1,
  "tree_method": "hist",
  "learning_rate": 0.12353176992778478,
  "n_estimators": 2900,
  "max_depth": 4,
  "min_child_weight": 7,
  "subsample": 0.9350153872737155,
  "colsample_bytree": 0.6366368604869368,
  "reg_lambda": 5.35835085250599,
  "reg_alpha": 0.03596636225344741,
  "gamma": 2.0573870486550256
}