{
  "n_folds": 12,
  "wmape_overall": {
    "mean": 33.38182734015751,
    "std": 6.515267589605502
  },
  "wmape_weighted": 32.96574645706744,
  "wmape_peak_11_12": {
    "mean": 28.613399364611077,
    "std": 1.7551654560151502
  },
  "wmape_dec": {
    "mean": 29.854488760663767,
    "std": 0.0
  },
  "bad_rate_wmape_ge_40": 0.16666666666666666
}