{
  "roll_mode": "expanding",
  "roll_window_months": 24,
  "roll_min_train_periods": 22,
  "roll_gap": 0,
  "n_folds": 12,
  "wmape_mean": 33.38182734015751,
  "wmape_std": 6.237893804574605,
  "wmape_dec_mean": 29.854488760663767,
  "wmape_dec_std": 0.0,
  "wmape_peak_mean": 28.613399364611077,
  "wmape_peak_std": 1.2410893960526916,
  "optimal_trees": 2900
}