{
  "objective": "reg:absoluteerror",
  "eval_metric": "mae",
  "random_state": 42,
  "n_jobs": -1,
  "tree_method": "hist",
  "learning_rate": 0.11239194717189989,
  "n_estimators": 2900,
  "max_depth": 3,
  "min_child_weight": 6,
  "subsample": 0.9929135537055236,
  "colsample_bytree": 0.7117014573670591,
  "reg_lambda": 13.558532877989087,
  "reg_alpha": 0.07639867786497813,
  "gamma": 1.9283746301060343
}