{
  "n_folds": 12,
  "wmape_overall": {
    "mean": 32.59829162799847,
    "std": 5.088483007559752
  },
  "wmape_weighted": 32.26427271800723,
  "wmape_peak_11_12": {
    "mean": 28.36335303120043,
    "std": 1.6076599901384554
  },
  "wmape_dec": {
    "mean": 29.50014031206963,
    "std": 0.0
  },
  "bad_rate_wmape_ge_40": 0.08333333333333333
}