{
  "n_folds": 12,
  "wmape_overall": {
    "mean": 33.064182402161165,
    "std": 6.604782717549466
  },
  "wmape_weighted": 32.47464527818473,
  "wmape_peak_11_12": {
    "mean": 27.50863050584929,
    "std": 1.0140947264144702
  },
  "wmape_dec": {
    "mean": 28.22570376366248,
    "std": 0.0
  },
  "bad_rate_wmape_ge_40": 0.16666666666666666
}