{
  "roll_mode": "expanding",
  "roll_window_months": 24,
  "roll_min_train_periods": 22,
  "roll_gap": 0,
  "n_folds": 12,
  "wmape_mean": 32.598291627998464,
  "wmape_std": 4.871851568795206,
  "wmape_dec_mean": 29.50014031206963,
  "wmape_dec_std": 0.0,
  "wmape_peak_mean": 28.36335303120043,
  "wmape_peak_std": 1.1367872808692,
  "optimal_trees": 2900
}