{
  "score": 33.871932708145685,
  "score_components": {
    "wmape_weighted": 32.26427271800723,
    "peak_std_11_12": 1.6076599901384554,
    "dec_mean": 29.50014031206963
  },
  "tradeoff_lambda": 1.0
}