{
  "objective": "reg:absoluteerror",
  "eval_metric": "mae",
  "random_state": 42,
  "n_jobs": -1,
  "tree_method": "hist",
  "learning_rate": 0.058118650468148306,
  "n_estimators": 1700,
  "max_depth": 3,
  "min_child_weight": 14,
  "subsample": 0.6250632632668834,
  "colsample_bytree": 0.6777903316999857,
  "reg_lambda": 0.7754649334517406,
  "reg_alpha": 1.7101655470742885,
  "gamma": 0.12500607596311686
}