{
  "objective": "reg:absoluteerror",
  "eval_metric": "mae",
  "random_state": 42,
  "n_jobs": -1,
  "tree_method": "hist",
  "learning_rate": 0.011370508576994488,
  "n_estimators": 2900,
  "max_depth": 5,
  "min_child_weight": 12,
  "subsample": 0.6963104598362527,
  "colsample_bytree": 0.6750536364443369,
  "reg_lambda": 9.974272432104485,
  "reg_alpha": 0.1683910144810357,
  "gamma": 1.6642544660794334
}