{
  "n_folds": 12,
  "wmape_overall": {
    "mean": 32.615695962563905,
    "std": 5.511959948717298
  },
  "wmape_weighted": 32.35221305404568,
  "wmape_peak_11_12": {
    "mean": 28.818758705460755,
    "std": 1.7419526274305963
  },
  "wmape_dec": {
    "mean": 30.050505220822654,
    "std": 0.0
  },
  "bad_rate_wmape_ge_40": 0.08333333333333333
}