{
  "roll_mode": "expanding",
  "roll_window_months": 24,
  "roll_min_train_periods": 22,
  "roll_gap": 0,
  "n_folds": 12,
  "wmape_mean": 32.61569596256391,
  "wmape_std": 5.277299871769176,
  "wmape_dec_mean": 30.050505220822654,
  "wmape_dec_std": 0.0,
  "wmape_peak_mean": 28.818758705460755,
  "wmape_peak_std": 1.2317465153618983,
  "optimal_trees": 2900
}