{
  "objective": "reg:absoluteerror",
  "eval_metric": "mae",
  "random_state": 42,
  "n_jobs": -1,
  "tree_method": "hist",
  "learning_rate": 0.03841719915545232,
  "n_estimators": 2900,
  "max_depth": 5,
  "min_child_weight": 2,
  "subsample": 0.7819568078842076,
  "colsample_bytree": 0.7563994479274612,
  "reg_lambda": 0.05554663600685193,
  "reg_alpha": 0.5246769246598161,
  "gamma": 1.7851057122907226
}