{
  "n_folds": 12,
  "wmape_overall": {
    "mean": 34.13704613917114,
    "std": 5.443852276106155
  },
  "wmape_weighted": 33.81311786592798,
  "wmape_peak_11_12": {
    "mean": 29.800925223279467,
    "std": 2.6548490521679975
  },
  "wmape_dec": {
    "mean": 31.678186991094137,
    "std": 0.0
  },
  "bad_rate_wmape_ge_40": 0.08333333333333333
}