{
  "n_folds": 12,
  "wmape_overall": {
    "mean": 32.41121145942606,
    "std": 5.548028864872248
  },
  "wmape_weighted": 31.996469266636083,
  "wmape_peak_11_12": {
    "mean": 27.415161847403127,
    "std": 1.3520240212552672
  },
  "wmape_dec": {
    "mean": 28.37118720115983,
    "std": 0.0
  },
  "bad_rate_wmape_ge_40": 0.08333333333333333
}