{
  "roll_mode": "expanding",
  "roll_window_months": 24,
  "roll_min_train_periods": 22,
  "roll_gap": 0,
  "n_folds": 12,
  "wmape_mean": 32.411211459426056,
  "wmape_std": 5.311833229843316,
  "wmape_dec_mean": 28.37118720115983,
  "wmape_dec_std": 0.0,
  "wmape_peak_mean": 27.415161847403127,
  "wmape_peak_std": 0.9560253537567043,
  "optimal_trees": 2900
}