{
  "score": 33.34849328789135,
  "score_components": {
    "wmape_weighted": 31.996469266636083,
    "peak_std_11_12": 1.3520240212552672,
    "dec_mean": 28.37118720115983
  },
  "tradeoff_lambda": 1.0
}