{
  "objective": "reg:absoluteerror",
  "eval_metric": "mae",
  "random_state": 42,
  "n_jobs": -1,
  "tree_method": "hist",
  "learning_rate": 0.010632070552684376,
  "n_estimators": 2900,
  "max_depth": 3,
  "min_child_weight": 4,
  "subsample": 0.6548554798838375,
  "colsample_bytree": 0.603237472444074,
  "reg_lambda": 0.029320651670170693,
  "reg_alpha": 0.00010093823692790826,
  "gamma": 2.480399988074467
}