{
  "objective": "reg:absoluteerror",
  "eval_metric": "mae",
  "random_state": 42,
  "n_jobs": -1,
  "tree_method": "hist",
  "learning_rate": 0.010592689368294817,
  "n_estimators": 350,
  "max_depth": 6,
  "min_child_weight": 12,
  "subsample": 0.8455161018205899,
  "colsample_bytree": 0.8996344320981962,
  "reg_lambda": 9.805935142046234,
  "reg_alpha": 0.001622617869160754,
  "gamma": 1.7089244912178576
}