{
  "n_folds": 12,
  "wmape_overall": {
    "mean": 33.17799669623816,
    "std": 5.744167195979251
  },
  "wmape_weighted": 32.922774750869664,
  "wmape_peak_11_12": {
    "mean": 29.213439059628456,
    "std": 1.891034243172592
  },
  "wmape_dec": {
    "mean": 30.550602196431765,
    "std": 0.0
  },
  "bad_rate_wmape_ge_40": 0.08333333333333333
}