{
  "roll_mode": "expanding",
  "roll_window_months": 24,
  "roll_min_train_periods": 22,
  "roll_gap": 0,
  "n_folds": 12,
  "wmape_mean": 33.17799669623816,
  "wmape_std": 5.499621384915248,
  "wmape_dec_mean": 30.550602196431765,
  "wmape_dec_std": 0.0,
  "wmape_peak_mean": 29.213439059628456,
  "wmape_peak_std": 1.3371631368033103,
  "optimal_trees": 2900
}