{
  "objective": "reg:absoluteerror",
  "eval_metric": "mae",
  "random_state": 42,
  "n_jobs": -1,
  "tree_method": "hist",
  "learning_rate": 0.041533406120529824,
  "n_estimators": 2900,
  "max_depth": 6,
  "min_child_weight": 11,
  "subsample": 0.8740560796144824,
  "colsample_bytree": 0.6404992837495016,
  "reg_lambda": 0.055251499137511983,
  "reg_alpha": 0.04403638635340595,
  "gamma": 2.610721504284558
}