{
  "n_folds": 21,
  "wmape_overall": {
    "mean": 32.51853463792715,
    "std": 7.459448928577764
  },
  "wmape_weighted": 31.771043169220217,
  "wmape_base_overall": {
    "mean": NaN,
    "std": NaN
  },
  "wmape_base_weighted": NaN,
  "wmape_gain_overall": {
    "mean": NaN,
    "std": NaN
  },
  "wmape_gain_weighted": NaN,
  "wmape_peak_11_12": {
    "mean": 33.8541032999494,
    "std": 0.9770770054348135
  },
  "wmape_gain_peak_11_12": {
    "mean": NaN,
    "std": NaN
  },
  "wmape_nov": {
    "mean": 34.5450010762338,
    "std": 0.0
  },
  "wmape_dec": {
    "mean": 33.163205523665,
    "std": 0.0
  },
  "gain_positive_rate": 0.0,
  "bad_rate_wmape_ge_40": 0.09523809523809523,
  "corr_log_mean_abs": {
    "mean": NaN,
    "std": NaN
  },
  "phase3_score": 43.62243435386167,
  "phase3_score_components": {
    "wmape_weighted": 31.771043169220217,
    "peak_std_11_12": 0.9770770054348135,
    "dec_mean": 33.163205523665
  },
  "phase3_score_coeff": {
    "peak_std_coef": 0.25,
    "dec_mean_coef": 0.35
  }
}