{
  "roll_mode": "expanding",
  "roll_window_months": 24,
  "roll_min_train_periods": 12,
  "roll_gap": 1,
  "n_folds": 21,
  "wmape_mean": 32.51853463792715,
  "wmape_std": 7.279676753554898,
  "wmape_dec_mean": 33.163205523665,
  "wmape_dec_std": 0.0,
  "wmape_peak_mean": 33.8541032999494,
  "wmape_peak_std": 0.6908977762844017
}