{
  "n_folds": 12,
  "wmape_overall": {
    "mean": 33.25392398432999,
    "std": 6.698224795083476
  },
  "wmape_weighted": 32.739946486804115,
  "wmape_peak_11_12": {
    "mean": 28.96716417702664,
    "std": 0.11503892408715062
  },
  "wmape_dec": {
    "mean": 28.885819373704212,
    "std": 0.0
  },
  "bad_rate_wmape_ge_40": 0.08333333333333333
}