{
  "roll_mode": "expanding",
  "roll_window_months": 24,
  "roll_min_train_periods": 22,
  "roll_gap": 0,
  "n_folds": 12,
  "wmape_mean": 33.25392398432998,
  "wmape_std": 6.413061992658564,
  "wmape_dec_mean": 28.885819373704212,
  "wmape_dec_std": 0.0,
  "wmape_peak_mean": 28.96716417702664,
  "wmape_peak_std": 0.08134480332242866,
  "optimal_trees": 2900
}