{
  "objective": "reg:absoluteerror",
  "eval_metric": "mae",
  "random_state": 42,
  "n_jobs": -1,
  "tree_method": "hist",
  "learning_rate": 0.07725395581593456,
  "n_estimators": 2900,
  "max_depth": 4,
  "min_child_weight": 10,
  "subsample": 0.9036098054938818,
  "colsample_bytree": 0.6209994195351394,
  "reg_lambda": 0.04980885875318212,
  "reg_alpha": 0.2233233809875364,
  "gamma": 1.8708283289477614
}