{
  "n_folds": 12,
  "wmape_overall": {
    "mean": 32.630698326327035,
    "std": 5.035810703530719
  },
  "wmape_weighted": 32.34811302254085,
  "wmape_peak_11_12": {
    "mean": 29.025972752137996,
    "std": 1.1559199594728653
  },
  "wmape_dec": {
    "mean": 29.84333159399014,
    "std": 0.0
  },
  "bad_rate_wmape_ge_40": 0.08333333333333333
}