{
  "roll_mode": "expanding",
  "roll_window_months": 24,
  "roll_min_train_periods": 22,
  "roll_gap": 0,
  "n_folds": 12,
  "wmape_mean": 32.63069832632703,
  "wmape_std": 4.821421677089826,
  "wmape_dec_mean": 29.84333159399014,
  "wmape_dec_std": 0.0,
  "wmape_peak_mean": 29.025972752137996,
  "wmape_peak_std": 0.8173588418521422,
  "optimal_trees": 2900
}