{
  "objective": "reg:absoluteerror",
  "eval_metric": "mae",
  "random_state": 42,
  "n_jobs": -1,
  "tree_method": "hist",
  "learning_rate": 0.014589968293138298,
  "n_estimators": 2900,
  "max_depth": 5,
  "min_child_weight": 11,
  "subsample": 0.7433821387917543,
  "colsample_bytree": 0.6982563518959295,
  "reg_lambda": 2.321435747348197,
  "reg_alpha": 0.00026961071422045496,
  "gamma": 0.991724460600307
}