{
  "n_folds": 12,
  "wmape_overall": {
    "mean": 34.12794255237098,
    "std": 6.722831936426944
  },
  "wmape_weighted": 33.399491972713705,
  "wmape_peak_11_12": {
    "mean": 29.057917155984114,
    "std": 1.6178898155298693
  },
  "wmape_dec": {
    "mean": 30.20193801575794,
    "std": 0.0
  },
  "bad_rate_wmape_ge_40": 0.16666666666666666
}