{
  "n_folds": 12,
  "wmape_overall": {
    "mean": 32.6295065808122,
    "std": 5.180419001047081
  },
  "wmape_weighted": 32.27281705644329,
  "wmape_peak_11_12": {
    "mean": 30.228367301511383,
    "std": 0.2978372076460449
  },
  "wmape_dec": {
    "mean": 30.438970010727566,
    "std": 0.0
  },
  "bad_rate_wmape_ge_40": 0.08333333333333333
}