{
  "score": 35.017381788243576,
  "score_components": {
    "wmape_weighted": 33.399491972713705,
    "peak_std_11_12": 1.6178898155298693,
    "dec_mean": 30.20193801575794
  },
  "tradeoff_lambda": 1.0
}