{
  "objective": "reg:absoluteerror",
  "eval_metric": "mae",
  "random_state": 42,
  "n_jobs": -1,
  "tree_method": "hist",
  "learning_rate": 0.1336623272340043,
  "n_estimators": 950,
  "max_depth": 5,
  "min_child_weight": 5,
  "subsample": 0.7387403565626488,
  "colsample_bytree": 0.8010124870699186,
  "reg_lambda": 1.445827663945462,
  "reg_alpha": 1.0078753137242782,
  "gamma": 1.856154096282642
}