{
  "n_folds": 21,
  "wmape_overall": {
    "mean": 32.68652994639614,
    "std": 7.761821362396757
  },
  "wmape_weighted": 31.88870803946796,
  "wmape_base_overall": {
    "mean": NaN,
    "std": NaN
  },
  "wmape_base_weighted": NaN,
  "wmape_gain_overall": {
    "mean": NaN,
    "std": NaN
  },
  "wmape_gain_weighted": NaN,
  "wmape_peak_11_12": {
    "mean": 33.82512618656831,
    "std": 1.209150721452715
  },
  "wmape_gain_peak_11_12": {
    "mean": NaN,
    "std": NaN
  },
  "wmape_nov": {
    "mean": 34.68012486118413,
    "std": 0.0
  },
  "wmape_dec": {
    "mean": 32.97012751195249,
    "std": 0.0
  },
  "gain_positive_rate": 0.0,
  "bad_rate_wmape_ge_40": 0.09523809523809523,
  "corr_log_mean_abs": {
    "mean": NaN,
    "std": NaN
  },
  "phase3_score": 43.730540349014504,
  "phase3_score_components": {
    "wmape_weighted": 31.88870803946796,
    "peak_std_11_12": 1.209150721452715,
    "dec_mean": 32.97012751195249
  },
  "phase3_score_coeff": {
    "peak_std_coef": 0.25,
    "dec_mean_coef": 0.35
  }
}