{
  "n_folds": 12,
  "wmape_overall": {
    "mean": 33.466311603142735,
    "std": 5.801830086007311
  },
  "wmape_weighted": 32.82799107019487,
  "wmape_peak_11_12": {
    "mean": 28.43751288890529,
    "std": 1.1478078398627862
  },
  "wmape_dec": {
    "mean": 29.24913559597135,
    "std": 0.0
  },
  "bad_rate_wmape_ge_40": 0.08333333333333333
}