{
  "objective": "reg:absoluteerror",
  "eval_metric": "mae",
  "random_state": 42,
  "n_jobs": -1,
  "tree_method": "hist",
  "learning_rate": 0.07122432491761661,
  "n_estimators": 2900,
  "max_depth": 3,
  "min_child_weight": 1,
  "subsample": 0.9423816687883806,
  "colsample_bytree": 0.7503237471682968,
  "reg_lambda": 0.5295746569874168,
  "reg_alpha": 2.8763030650399255,
  "gamma": 2.185660028317049
}