{
  "n_folds": 12,
  "wmape_overall": {
    "mean": 32.91607215195938,
    "std": 4.711347726294491
  },
  "wmape_weighted": 32.78595613135801,
  "wmape_peak_11_12": {
    "mean": 29.49882161437948,
    "std": 2.2930383405877723
  },
  "wmape_dec": {
    "mean": 31.120244574529842,
    "std": 0.0
  },
  "bad_rate_wmape_ge_40": 0.08333333333333333
}