{
  "roll_mode": "expanding",
  "roll_window_months": 24,
  "roll_min_train_periods": 22,
  "roll_gap": 0,
  "n_folds": 12,
  "wmape_mean": 32.91607215195938,
  "wmape_std": 4.5107720272205345,
  "wmape_dec_mean": 31.120244574529842,
  "wmape_dec_std": 0.0,
  "wmape_peak_mean": 29.49882161437948,
  "wmape_peak_std": 1.6214229601503618,
  "optimal_trees": 2900
}