{
  "objective": "reg:absoluteerror",
  "eval_metric": "mae",
  "random_state": 42,
  "n_jobs": -1,
  "tree_method": "hist",
  "learning_rate": 0.03178299086216091,
  "n_estimators": 2900,
  "max_depth": 7,
  "min_child_weight": 15,
  "subsample": 0.9402948420481169,
  "colsample_bytree": 0.7625935019490401,
  "reg_lambda": 0.21107026867981413,
  "reg_alpha": 0.000687622056738311,
  "gamma": 0.8560183564500286
}