{
  "n_folds": 12,
  "wmape_overall": {
    "mean": 32.8458113140471,
    "std": 4.6358421280170905
  },
  "wmape_weighted": 32.40095579801663,
  "wmape_peak_11_12": {
    "mean": 28.43172829685608,
    "std": 1.4286934855636875
  },
  "wmape_dec": {
    "mean": 29.441967148735205,
    "std": 0.0
  },
  "bad_rate_wmape_ge_40": 0.08333333333333333
}