{
  "roll_mode": "expanding",
  "roll_window_months": 24,
  "roll_min_train_periods": 22,
  "roll_gap": 0,
  "n_folds": 12,
  "wmape_mean": 32.8458113140471,
  "wmape_std": 4.438480920642391,
  "wmape_dec_mean": 29.441967148735205,
  "wmape_dec_std": 0.0,
  "wmape_peak_mean": 28.43172829685608,
  "wmape_peak_std": 1.0102388518791283,
  "optimal_trees": 2900
}