{
  "objective": "reg:absoluteerror",
  "eval_metric": "mae",
  "random_state": 42,
  "n_jobs": -1,
  "tree_method": "hist",
  "learning_rate": 0.11853539010678413,
  "n_estimators": 2900,
  "max_depth": 5,
  "min_child_weight": 13,
  "subsample": 0.8536242117736351,
  "colsample_bytree": 0.6648472262784761,
  "reg_lambda": 0.043520152321573004,
  "reg_alpha": 0.886154520278523,
  "gamma": 2.214396264938566
}