{
  "n_folds": 12,
  "wmape_overall": {
    "mean": 32.96585382048255,
    "std": 5.121291531865675
  },
  "wmape_weighted": 32.72555683834841,
  "wmape_peak_11_12": {
    "mean": 30.024716050366173,
    "std": 1.3943544190643105
  },
  "wmape_dec": {
    "mean": 31.010673515463978,
    "std": 0.0
  },
  "bad_rate_wmape_ge_40": 0.08333333333333333
}