{
  "objective": "reg:absoluteerror",
  "eval_metric": "mae",
  "random_state": 42,
  "n_jobs": -1,
  "tree_method": "hist",
  "learning_rate": 0.02173119292465094,
  "n_estimators": 2900,
  "max_depth": 7,
  "min_child_weight": 3,
  "subsample": 0.7265937747072527,
  "colsample_bytree": 0.8800125308040847,
  "reg_lambda": 13.013497139840648,
  "reg_alpha": 1.6979824155056589,
  "gamma": 0.1185065632573652
}