{
  "n_folds": 12,
  "wmape_overall": {
    "mean": 32.99044513671384,
    "std": 5.011217676182762
  },
  "wmape_weighted": 32.78107785159894,
  "wmape_peak_11_12": {
    "mean": 29.526363869392423,
    "std": 2.5194443384428977
  },
  "wmape_dec": {
    "mean": 31.30788004592745,
    "std": 0.0
  },
  "bad_rate_wmape_ge_40": 0.08333333333333333
}