{
  "objective": "reg:absoluteerror",
  "eval_metric": "mae",
  "random_state": 42,
  "n_jobs": -1,
  "tree_method": "hist",
  "learning_rate": 0.015057347859235525,
  "n_estimators": 2900,
  "max_depth": 6,
  "min_child_weight": 13,
  "subsample": 0.8775638033132804,
  "colsample_bytree": 0.689835213360203,
  "reg_lambda": 1.9113945119991533,
  "reg_alpha": 0.0015971220598882023,
  "gamma": 2.8989292119384102
}